facility,demand,dist
0,0,0.515508
0,1,0.742794
0,2,0.514127
0,3,0.585481
0,4,0.593717
0,5,0.321993
0,6,0.862939
0,7,0.775618
0,8,0.839634
0,9,0.469273
0,10,0.600491
0,11,0.737913
0,12,0.592514
0,13,0.596420
0,14,0.781924
0,15,0.556230
0,16,0.672774
0,17,0.152890
0,18,0.364674
0,19,0.595311
0,20,0.452608
0,21,1.037694
0,22,0.762965
0,23,0.764384
0,24,0.545772
0,25,0.522930
0,26,0.499430
0,27,0.082390
0,28,0.128003
0,29,0.753199
0,30,0.244882
0,31,0.651705
0,32,0.526148
0,33,0.431382
0,34,0.869178
0,35,0.762009
0,36,0.361680
0,37,0.713143
0,38,0.791771
0,39,0.443657
0,40,0.756664
0,41,0.906868
0,42,0.297623
0,43,0.710909
0,44,0.849000
0,45,0.604701
0,46,0.307176
0,47,0.860723
0,48,0.369463
0,49,0.499607
1,0,0.424783
1,1,0.735554
1,2,0.514202
1,3,0.532796
1,4,0.512844
1,5,0.260908
1,6,0.779529
1,7,0.719994
1,8,0.811705
1,9,0.436171
1,10,0.582680
1,11,0.673263
1,12,0.559156
1,13,0.621441
1,14,0.761811
1,15,0.465332
1,16,0.678798
1,17,0.181100
1,18,0.278682
1,19,0.546829
1,20,0.361706
1,21,0.981676
1,22,0.701227
1,23,0.717294
1,24,0.455891
1,25,0.506022
1,26,0.474313
1,27,0.081290
1,28,0.065609
1,29,0.702787
1,30,0.290763
1,31,0.622243
1,32,0.489709
1,33,0.371014
1,34,0.848156
1,35,0.751801
1,36,0.307598
1,37,0.622463
1,38,0.704669
1,39,0.383289
1,40,0.707402
1,41,0.917993
1,42,0.268726
1,43,0.686506
1,44,0.777568
1,45,0.601206
1,46,0.218758
1,47,0.776514
1,48,0.288745
1,49,0.423668
2,0,0.334157
2,1,0.739504
2,2,0.530103
2,3,0.491410
2,4,0.435945
2,5,0.221350
2,6,0.697995
2,7,0.672107
2,8,0.793268
2,9,0.420479
2,10,0.578767
2,11,0.615289
2,12,0.539227
2,13,0.658171
2,14,0.752220
2,15,0.374438
2,16,0.696734
2,17,0.242380
2,18,0.197153
2,19,0.510076
2,20,0.270808
2,21,0.931181
2,22,0.646414
2,23,0.679166
2,24,0.366517
2,25,0.505163
2,26,0.465880
2,27,0.151515
2,28,0.093559
2,29,0.661088
2,30,0.354468
2,31,0.605131
2,32,0.468324
2,33,0.325180
2,34,0.836538
2,35,0.752517
2,36,0.273769
2,37,0.531862
2,38,0.618663
2,39,0.336925
2,40,0.666950
2,41,0.937838
2,42,0.269029
2,43,0.673587
2,44,0.710601
2,45,0.611361
2,46,0.133724
2,47,0.693998
2,48,0.216271
2,49,0.354838
3,0,0.243743
3,1,0.754467
3,2,0.560485
3,3,0.464354
3,4,0.365535
3,5,0.215517
3,6,0.619077
3,7,0.633714
3,8,0.784992
3,9,0.424132
3,10,0.589029
3,11,0.566044
3,12,0.534234
3,13,0.704783
3,14,0.753554
3,15,0.283555
3,16,0.725698
3,17,0.318163
3,18,0.128855
3,19,0.487710
3,20,0.179920
3,21,0.887150
3,22,0.600427
3,23,0.651576
3,24,0.278139
3,25,0.520433
3,26,0.475020
3,27,0.236293
3,28,0.172426
3,29,0.629837
3,30,0.428114
3,31,0.601422
3,32,0.464079
3,33,0.300601
3,34,0.834717
3,35,0.764125
3,36,0.267976
3,37,0.441388
3,38,0.534283
3,39,0.310895
3,40,0.636990
3,41,0.965867
3,42,0.298443
3,43,0.672812
3,44,0.649479
3,45,0.634512
3,46,0.066617
3,47,0.613857
3,48,0.163405
3,49,0.298085
4,0,0.153911
4,1,0.779811
4,2,0.603164
4,3,0.454197
4,4,0.306124
4,5,0.245822
4,6,0.543915
4,7,0.606620
4,8,0.787197
4,9,0.446658
4,10,0.612755
4,11,0.527977
4,12,0.544587
4,13,0.759459
4,14,0.765756
4,15,0.192694
4,16,0.764439
4,17,0.400296
4,18,0.104245
4,19,0.481741
4,20,0.089076
4,21,0.850589
4,22,0.565422
4,23,0.635897
4,24,0.192137
4,25,0.550491
4,26,0.500773
4,27,0.324410
4,28,0.259302
4,29,0.610639
4,30,0.507390
4,31,0.611362
4,32,0.477430
4,33,0.302505
4,34,0.842756
4,35,0.786143
4,36,0.291894
4,37,0.351137
4,38,0.452439
4,39,0.310357
4,40,0.619047
4,41,1.001393
4,42,0.349699
4,43,0.684224
4,44,0.596004
4,45,0.669311
4,46,0.086733
4,47,0.537156
4,48,0.152179
4,49,0.261397
5,0,0.067051
5,1,0.814566
5,2,0.655744
5,3,0.462054
5,4,0.265212
5,5,0.301560
5,6,0.474301
5,7,0.592378
5,8,0.799797
5,9,0.485435
5,10,0.648468
5,11,0.503630
5,12,0.569449
5,13,0.820589
5,14,0.788320
5,15,0.101923
5,16,0.811557
5,17,0.485566
5,18,0.147172
5,19,0.492764
5,20,0.005190
5,21,0.822495
5,22,0.543526
5,23,0.633014
5,24,0.114025
5,25,0.593092
5,26,0.540770
5,27,0.413736
5,28,0.348243
5,29,0.604645
5,30,0.590031
5,31,0.634308
5,32,0.506990
5,33,0.330434
5,34,0.860379
5,35,0.817732
5,36,0.339296
5,37,0.261344
5,38,0.374799
5,39,0.335435
5,40,0.614175
5,41,1.043650
5,42,0.414777
5,43,0.707233
5,44,0.552402
5,45,0.714057
5,46,0.164731
5,47,0.465598
5,48,0.190118
5,49,0.253635
6,0,0.042804
6,1,0.857589
6,2,0.716045
6,3,0.487054
6,4,0.251976
6,5,0.371452
6,6,0.413046
6,7,0.591916
6,8,0.822313
6,9,0.536954
6,10,0.694321
6,11,0.495031
6,12,0.607041
6,13,0.886838
6,14,0.820392
6,15,0.013209
6,16,0.865685
6,17,0.572574
6,18,0.221316
6,19,0.519699
6,20,0.092996
6,21,0.803755
6,22,0.536347
6,23,0.643101
6,24,0.074936
6,25,0.645759
6,26,0.592131
6,27,0.503629
6,28,0.437993
6,29,0.612242
6,30,0.674802
6,31,0.668924
6,32,0.550152
6,33,0.378672
6,34,0.887015
6,35,0.857833
6,36,0.401958
6,37,0.172724
6,38,0.304591
6,39,0.381104
6,40,0.622682
6,41,1.091856
6,42,0.488179
6,43,0.740758
6,44,0.521157
6,45,0.767012
6,46,0.251553
6,47,0.401940
6,48,0.256242
6,49,0.277241
7,0,0.125289
7,1,0.907706
7,2,0.782286
7,3,0.526762
7,4,0.270509
7,5,0.448937
7,6,0.364393
7,7,0.605265
7,8,0.853963
7,9,0.597931
7,10,0.748452
7,11,0.502988
7,12,0.655175
7,13,0.957145
7,14,0.860911
7,15,0.080557
7,16,0.925595
7,17,0.660633
7,18,0.304682
7,19,0.560256
7,20,0.183844
7,21,0.795032
7,22,0.544468
7,23,0.665567
7,24,0.121483
7,25,0.706244
7,26,0.652177
7,27,0.593831
7,28,0.528139
7,29,0.632940
7,30,0.760991
7,31,0.713512
7,32,0.604007
7,33,0.440599
7,34,0.921883
7,35,0.905317
7,36,0.473865
7,37,0.088854
7,38,0.248206
7,39,0.441014
7,40,0.644036
7,41,1.145262
7,42,0.566680
7,43,0.783451
7,44,0.504568
7,45,0.826599
7,46,0.340515
7,47,0.350513
7,48,0.334221
7,49,0.325458
8,0,0.214689
8,1,0.963810
8,2,0.853083
8,3,0.578156
8,4,0.315258
8,5,0.530698
8,6,0.333896
8,7,0.631550
8,8,0.893776
8,9,0.665772
8,10,0.809203
8,11,0.526752
8,12,0.711715
8,13,1.030680
8,14,0.908747
8,15,0.171270
8,16,0.990238
8,17,0.749374
8,18,0.391421
8,19,0.611732
8,20,0.274732
8,21,0.796655
8,22,0.567231
8,23,0.699220
8,24,0.201071
8,25,0.772713
8,26,0.718735
8,27,0.684221
8,28,0.618509
8,29,0.665518
8,30,0.848166
8,31,0.766335
8,32,0.665966
8,33,0.511264
8,34,0.964090
8,35,0.959087
8,36,0.551411
8,37,0.049855
8,38,0.216715
8,39,0.510172
8,40,0.677024
8,41,1.203174
8,42,0.648431
8,43,0.833905
8,44,0.504087
8,45,0.891490
8,46,0.430291
8,47,0.317319
8,48,0.417465
8,49,0.389245
9,0,0.608644
9,1,0.673442
9,2,0.442634
9,3,0.586451
9,4,0.648838
9,5,0.353996
9,6,0.920414
9,7,0.776032
9,8,0.795772
9,9,0.445766
9,10,0.548901
9,11,0.755338
9,12,0.563200
9,13,0.493859
9,14,0.728439
9,15,0.654558
9,16,0.589028
9,17,0.104751
9,18,0.440817
9,19,0.589074
9,20,0.550271
9,21,1.034544
9,22,0.774461
9,23,0.750898
9,24,0.652907
9,25,0.473389
9,26,0.462576
9,27,0.139243
9,28,0.204832
9,29,0.745367
9,30,0.136953
9,31,0.614623
9,32,0.504354
9,33,0.452916
9,34,0.815284
9,35,0.695989
9,36,0.378615
9,37,0.814298
9,38,0.862064
9,39,0.464410
9,40,0.746868
9,41,0.813915
9,42,0.285580
9,43,0.664958
9,44,0.877759
9,45,0.534263
9,46,0.393324
9,47,0.920606
9,48,0.432623
9,49,0.546440
10,0,0.518276
10,1,0.652911
10,2,0.423642
10,3,0.518149
10,4,0.561224
10,5,0.270514
10,6,0.832848
10,7,0.708875
10,8,0.755384
10,9,0.390137
10,10,0.513507
10,11,0.680276
10,12,0.512101
10,13,0.507779
10,14,0.695015
10,15,0.564853
10,16,0.581865
10,17,0.062175
10,18,0.349953
10,19,0.524505
10,20,0.460701
10,21,0.969863
10,22,0.702043
10,23,0.691047
10,24,0.565445
10,25,0.436086
10,26,0.415920
10,27,0.051765
10,28,0.115530
10,29,0.682380
10,30,0.163717
10,31,0.568946
10,32,0.448138
10,33,0.374386
10,34,0.782341
10,35,0.672622
10,36,0.301039
10,37,0.724872
10,38,0.772193
10,39,0.386299
10,40,0.684952
10,41,0.816229
10,42,0.220593
10,43,0.625732
10,44,0.798589
10,45,0.514483
10,46,0.302776
10,47,0.832536
10,48,0.342789
10,49,0.460385
11,0,0.428137
11,1,0.644663
11,2,0.423733
11,3,0.457779
11,4,0.474849
11,5,0.193835
11,6,0.746081
11,7,0.647543
11,8,0.724213
11,9,0.349621
11,10,0.492560
11,11,0.609543
11,12,0.473107
11,13,0.536947
11,14,0.672307
11,15,0.475606
11,16,0.588820
11,17,0.115272
11,18,0.259121
11,19,0.468756
11,20,0.371782
11,21,0.909678
11,22,0.634403
11,23,0.638571
11,24,0.479267
11,25,0.415660
11,26,0.385399
11,27,0.049995
11,28,0.035593
11,29,0.626293
11,30,0.226669
11,31,0.534946
11,32,0.404737
11,33,0.302864
11,34,0.758918
11,35,0.661035
11,36,0.233300
11,37,0.635868
11,38,0.682597
11,39,0.315129
11,40,0.630108
11,41,0.828571
11,42,0.179709
11,43,0.597862
11,44,0.722188
11,45,0.510370
11,46,0.212535
11,47,0.745148
11,48,0.253722
11,49,0.376618
12,0,0.338411
12,1,0.649165
12,2,0.442894
12,3,0.408869
12,4,0.390539
12,5,0.135995
12,6,0.660430
12,7,0.593842
12,8,0.703487
12,9,0.329836
12,10,0.487925
12,11,0.544830
12,12,0.449378
12,13,0.579062
12,14,0.661420
12,15,0.387132
12,16,0.609410
12,17,0.198087
12,18,0.168373
12,19,0.425309
12,20,0.284126
12,21,0.854940
12,22,0.573236
12,23,0.595424
12,24,0.395216
12,25,0.414614
12,26,0.374972
12,27,0.137289
12,28,0.075601
12,29,0.579112
12,30,0.304112
12,31,0.514941
12,32,0.378582
12,33,0.244575
12,34,0.745911
12,35,0.661849
12,36,0.186444
12,37,0.547490
12,38,0.593401
12,39,0.256738
12,40,0.584330
12,41,0.850506
12,42,0.180162
12,43,0.582982
12,44,0.649536
12,45,0.522295
12,46,0.123279
12,47,0.658714
12,48,0.166657
12,49,0.297081
13,0,0.249542
13,1,0.666161
13,2,0.478842
13,3,0.375919
13,4,0.309981
13,5,0.126279
13,6,0.576392
13,7,0.550013
13,8,0.694141
13,9,0.334481
13,10,0.500055
13,11,0.488534
13,12,0.443374
13,13,0.631539
13,14,0.662936
13,15,0.300117
13,16,0.642324
13,17,0.285864
13,18,0.077999
13,19,0.398210
13,20,0.199405
13,21,0.806759
13,22,0.520826
13,23,0.563750
13,24,0.314996
13,25,0.433088
13,26,0.386269
13,27,0.227434
13,28,0.163380
13,29,0.543165
13,30,0.387450
13,31,0.510578
13,32,0.373317
13,33,0.210799
13,34,0.743868
13,35,0.675018
13,36,0.177829
13,37,0.460099
13,38,0.504816
13,39,0.221476
13,40,0.549887
13,41,0.881317
13,42,0.221698
13,43,0.582087
13,44,0.582036
13,45,0.549213
13,46,0.041876
13,47,0.573665
13,48,0.087765
13,49,0.226278
14,0,0.162940
14,1,0.694734
14,2,0.528160
14,3,0.363297
14,4,0.237033
14,5,0.172995
14,6,0.494788
14,7,0.518564
14,8,0.696634
14,9,0.362619
14,10,0.527796
14,11,0.443869
14,12,0.455795
14,13,0.692027
14,14,0.676773
14,15,0.216329
14,16,0.685791
14,17,0.375137
14,18,0.018633
14,19,0.390877
14,20,0.123796
14,21,0.766373
14,22,0.480052
14,23,0.545553
14,24,0.242441
14,25,0.468780
14,26,0.417533
14,27,0.318015
14,28,0.253377
14,29,0.520782
14,30,0.473583
14,31,0.522249
14,32,0.389790
14,33,0.213505
14,34,0.752878
14,35,0.699846
14,36,0.212165
14,37,0.374386
14,38,0.417232
14,39,0.220721
14,40,0.528998
14,41,0.920113
14,42,0.287004
14,43,0.595241
14,44,0.521693
14,45,0.589073
14,46,0.069558
14,47,0.490720
14,48,0.064497
14,49,0.175143
15,0,0.085771
15,1,0.733531
15,2,0.587491
15,3,0.373074
15,4,0.181135
15,5,0.245839
15,6,0.417052
15,7,0.501829
15,8,0.710840
15,9,0.409435
15,10,0.568868
15,11,0.414612
15,12,0.485229
15,13,0.758610
15,14,0.702203
15,15,0.141617
15,16,0.737948
15,17,0.465043
15,18,0.105545
15,19,0.404384
15,20,0.086127
15,21,0.735067
15,22,0.454058
15,23,0.542190
15,24,0.186715
15,25,0.518144
15,26,0.464749
15,27,0.408741
15,28,0.343854
15,29,0.513740
15,30,0.561224
15,31,0.548933
15,32,0.425482
15,33,0.251518
15,34,0.772554
15,35,0.735151
15,36,0.273740
15,37,0.291837
15,38,0.331444
15,39,0.254780
15,40,0.523288
15,41,0.965932
15,42,0.363485
15,43,0.621552
15,44,0.471265
15,45,0.639459
15,46,0.156371
15,47,0.411159
15,48,0.130943
15,49,0.163333
16,0,0.068505
16,1,0.781031
16,2,0.654115
16,3,0.403623
16,4,0.161135
16,5,0.327835
16,6,0.345801
16,7,0.501283
16,8,0.736084
16,9,0.469371
16,10,0.620630
16,11,0.404123
16,12,0.528842
16,13,0.829822
16,14,0.738027
16,15,0.099204
16,16,0.797090
16,17,0.555276
16,18,0.196115
16,19,0.436804
16,20,0.126646
16,21,0.714036
16,22,0.445440
16,23,0.553933
16,24,0.165759
16,25,0.577685
16,26,0.523621
16,27,0.499533
16,28,0.434511
16,29,0.522660
16,30,0.649764
16,31,0.588591
16,32,0.476092
16,33,0.312198
16,34,0.802112
16,35,0.779512
16,36,0.348400
16,37,0.216105
16,38,0.249312
16,39,0.312468
16,40,0.533246
16,41,1.017826
16,42,0.445421
16,43,0.659447
16,44,0.434220
16,45,0.698095
16,46,0.246160
16,47,0.337382
16,48,0.216012
16,49,0.198013
17,0,0.136228
17,1,0.835751
17,2,0.726028
17,3,0.450742
17,4,0.188806
17,5,0.413574
17,6,0.285926
17,7,0.516978
17,8,0.771280
17,9,0.538062
17,10,0.680648
17,11,0.413832
17,12,0.583463
17,13,0.904572
17,14,0.782820
17,15,0.127108
17,16,0.861782
17,17,0.645699
17,18,0.286899
17,19,0.484353
17,20,0.202952
17,21,0.704203
17,22,0.455185
17,23,0.579864
17,24,0.191360
17,25,0.644590
17,26,0.590673
17,27,0.590362
17,28,0.525255
17,29,0.546760
17,30,0.738879
17,31,0.638812
17,32,0.537420
17,33,0.384971
17,34,0.840509
17,35,0.831481
17,36,0.429371
17,37,0.157362
17,38,0.176032
17,39,0.383261
17,40,0.558034
17,41,1.074916
17,42,0.530290
17,43,0.707067
17,44,0.414165
17,45,0.763083
17,46,0.336550
17,47,0.274098
17,48,0.304476
17,49,0.261285
18,0,0.221251
18,1,0.896370
18,2,0.801808
18,3,0.509857
18,4,0.248717
18,5,0.501138
18,6,0.245882
18,7,0.547518
18,8,0.815141
18,9,0.612570
18,10,0.746934
18,11,0.442410
18,12,0.646307
18,13,0.982051
18,14,0.835141
18,15,0.197485
18,16,0.930867
18,17,0.736241
18,18,0.377744
18,19,0.543071
18,20,0.287869
18,21,0.706034
18,22,0.482182
18,23,0.618201
18,24,0.249580
18,25,0.716799
18,26,0.663430
18,27,0.681212
18,28,0.616048
18,29,0.584164
18,30,0.828384
18,31,0.697317
18,32,0.606223
18,33,0.464183
18,34,0.886598
18,35,0.889725
18,36,0.513679
18,37,0.139116
18,38,0.127854
18,39,0.461163
18,40,0.595802
18,41,1.136418
18,42,0.616883
18,43,0.762591
18,44,0.413578
18,45,0.832936
18,46,0.427161
18,47,0.230134
18,48,0.394054
18,49,0.337430
19,0,0.624369
19,1,0.587029
19,2,0.357212
19,3,0.534924
19,4,0.632450
19,5,0.333677
19,6,0.901478
19,7,0.720885
19,8,0.717915
19,9,0.383700
19,10,0.470022
19,11,0.710862
19,12,0.494872
19,13,0.403173
19,14,0.647142
19,15,0.674272
19,16,0.499425
19,17,0.089398
19,18,0.447580
19,19,0.533149
19,20,0.571592
19,21,0.975006
19,22,0.725993
19,23,0.688215
19,24,0.681673
19,25,0.396663
19,26,0.392511
19,27,0.178351
19,28,0.235473
19,29,0.685882
19,30,0.046055
19,31,0.541545
19,32,0.441473
19,33,0.419209
19,34,0.733351
19,35,0.610486
19,36,0.345963
19,37,0.834552
19,38,0.853852
19,39,0.429653
19,40,0.686266
19,41,0.723053
19,42,0.241177
19,43,0.587237
19,44,0.839007
19,45,0.448325
19,46,0.410547
19,47,0.903501
19,48,0.429759
19,49,0.526756
20,0,0.536656
20,1,0.563357
20,2,0.333388
20,3,0.459018
20,4,0.542193
20,5,0.243322
20,6,0.811872
20,7,0.648038
20,8,0.672869
20,9,0.317372
20,10,0.428157
20,11,0.630526
20,12,0.435834
20,13,0.420109
20,14,0.609274
20,15,0.587584
20,16,0.490956
20,17,0.029750
20,18,0.358436
20,19,0.460809
20,20,0.485968
20,21,0.906083
20,22,0.648183
20,23,0.622365
20,24,0.598430
20,25,0.351305
20,26,0.336271
20,27,0.122882
20,28,0.163824
20,29,0.616851
20,30,0.100837
20,31,0.489091
20,32,0.375970
20,33,0.332820
20,34,0.696544
20,35,0.583705
20,36,0.258777
20,37,0.747554
20,38,0.763015
20,39,0.343733
20,40,0.618310
20,41,0.725657
20,42,0.158970
20,43,0.542418
20,44,0.755788
20,45,0.424560
20,46,0.324835
20,47,0.813581
20,48,0.339168
20,49,0.436841
21,0,0.450212
21,1,0.553776
21,2,0.333503
21,3,0.389591
21,4,0.452199
21,5,0.153621
21,6,0.722591
21,7,0.580312
21,8,0.637678
21,9,0.265995
21,10,0.402796
21,11,0.553472
21,12,0.389273
21,13,0.454932
21,14,0.583237
21,15,0.502391
21,16,0.499179
21,17,0.101523
21,18,0.270468
21,19,0.396196
21,20,0.402669
21,21,0.841349
21,22,0.574233
21,23,0.563529
21,24,0.517771
21,25,0.325603
21,26,0.297693
21,27,0.122147
21,28,0.121483
21,29,0.554170
21,30,0.186397
21,31,0.449085
21,32,0.323013
21,33,0.249661
21,34,0.670129
21,35,0.570315
21,36,0.175412
21,37,0.661608
21,38,0.672197
21,39,0.261211
21,40,0.556942
21,41,0.739513
21,42,0.094370
21,43,0.510016
21,44,0.674557
21,45,0.419567
21,46,0.242931
21,47,0.723909
21,48,0.248808
21,49,0.347443
22,0,0.365939
22,1,0.559012
22,2,0.357533
22,3,0.330746
22,4,0.362660
22,5,0.067248
22,6,0.633773
22,7,0.519710
22,8,0.614037
22,9,0.239395
22,10,0.397114
22,11,0.481277
22,12,0.360061
22,13,0.503948
22,14,0.570653
22,15,0.419603
22,16,0.523308
22,17,0.190415
22,18,0.185360
22,19,0.343696
22,20,0.323493
22,21,0.781842
22,22,0.505842
22,23,0.514122
22,24,0.441118
22,25,0.324266
22,26,0.284064
22,27,0.176830
22,28,0.138588
22,29,0.500233
22,30,0.275406
22,31,0.425057
22,32,0.289568
22,33,0.174415
22,34,0.655363
22,35,0.571258
22,36,0.105368
22,37,0.577184
22,38,0.581408
22,39,0.186653
22,40,0.504569
22,41,0.764008
22,42,0.095230
22,43,0.492489
22,44,0.596128
22,45,0.433993
22,46,0.170418
22,47,0.634589
22,48,0.159074
22,49,0.259100
23,0,0.285764
23,1,0.578661
23,2,0.401204
23,3,0.289023
23,4,0.274025
23,5,0.044430
23,6,0.545644
23,7,0.469003
23,8,0.603307
23,9,0.245756
23,10,0.411927
23,11,0.416477
23,12,0.352539
23,13,0.563466
23,14,0.572410
23,15,0.340978
23,16,0.561294
23,17,0.280602
23,18,0.109967
23,19,0.309533
23,20,0.252353
23,21,0.728845
23,22,0.445575
23,23,0.477081
23,24,0.370961
23,25,0.347576
23,26,0.298819
23,27,0.253272
23,28,0.200460
23,29,0.458138
23,30,0.365352
23,31,0.419761
23,32,0.282650
23,33,0.122638
23,34,0.653037
23,35,0.586465
23,36,0.089242
23,37,0.495063
23,38,0.490662
23,39,0.134076
23,40,0.464245
23,41,0.798165
23,42,0.160501
23,43,0.491429
23,44,0.521764
23,45,0.466039
23,46,0.124893
23,47,0.545793
23,48,0.072339
23,49,0.173428
24,0,0.214334
24,1,0.611337
24,2,0.458943
24,3,0.272404
24,4,0.187579
24,5,0.126313
24,6,0.458601
24,7,0.431692
24,8,0.606174
24,9,0.282862
24,10,0.445193
24,11,0.363053
24,12,0.368039
24,13,0.630518
24,14,0.588380
24,15,0.270174
24,16,0.610557
24,17,0.371143
24,18,0.079726
24,19,0.300040
24,20,0.198104
24,21,0.683872
24,22,0.397148
24,23,0.455434
24,24,0.311717
24,25,0.391150
24,26,0.338263
24,27,0.336977
24,28,0.278731
24,29,0.431366
24,30,0.455682
24,31,0.433882
24,32,0.304075
24,33,0.127233
24,34,0.663282
24,35,0.614879
24,36,0.146133
24,37,0.416607
24,38,0.399990
24,39,0.132825
24,40,0.439302
24,41,0.840806
24,42,0.242862
24,43,0.506940
24,44,0.453470
24,45,0.512411
24,46,0.136686
24,47,0.457827
24,48,0.041112
24,49,0.097728
25,0,0.163543
25,1,0.655092
25,2,0.526138
25,3,0.285312
25,4,0.108681
25,5,0.215556
25,6,0.373406
25,7,0.411439
25,8,0.622449
25,9,0.340815
25,10,0.493193
25,11,0.326636
25,12,0.403919
25,13,0.702951
25,14,0.617461
25,15,0.215061
25,16,0.668609
25,17,0.461827
25,18,0.130953
25,19,0.317436
25,20,0.177025
25,21,0.648596
25,22,0.365302
25,23,0.451401
25,24,0.270651
25,25,0.449129
25,26,0.395070
25,27,0.423662
25,28,0.362942
25,29,0.422837
25,30,0.546203
25,31,0.465658
25,32,0.348656
25,33,0.184025
25,34,0.685534
25,35,0.654782
25,36,0.226439
25,37,0.344333
25,38,0.309459
25,39,0.183950
25,40,0.432410
25,41,0.890714
25,42,0.329745
25,43,0.537591
25,44,0.394415
25,45,0.569619
25,46,0.195695
25,47,0.371283
25,48,0.121146
25,49,0.074521
26,0,0.155186
26,1,0.707875
26,2,0.599618
26,3,0.324239
26,4,0.070470
26,5,0.305783
26,6,0.291683
26,7,0.410773
26,8,0.651128
26,9,0.410887
26,10,0.552096
26,11,0.313215
26,12,0.455387
26,13,0.779267
26,14,0.657916
26,15,0.189835
26,16,0.733365
26,17,0.552586
26,18,0.210879
26,19,0.357822
26,20,0.199898
26,21,0.624661
26,22,0.354533
26,23,0.465440
26,24,0.256643
26,25,0.516686
26,26,0.462890
26,27,0.511814
26,28,0.449768
26,29,0.433631
26,30,0.636834
26,31,0.511810
26,32,0.408888
26,33,0.260905
26,34,0.718679
26,35,0.704224
26,36,0.312607
26,37,0.283016
26,38,0.219241
26,39,0.257995
26,40,0.444409
26,41,0.946740
26,42,0.418342
26,43,0.580989
26,44,0.349312
26,45,0.634740
26,46,0.272836
26,47,0.287447
26,48,0.210218
26,49,0.134480
27,0,0.194802
27,1,0.767827
27,2,0.677342
27,3,0.381297
27,4,0.121035
27,5,0.396321
27,6,0.217380
27,7,0.429785
27,8,0.690667
27,9,0.487883
27,10,0.618797
27,11,0.325646
27,12,0.517815
27,13,0.858430
27,14,0.707797
27,15,0.205797
27,16,0.803206
27,17,0.643387
27,18,0.297187
27,19,0.414532
27,20,0.255165
27,21,0.613397
27,22,0.366702
27,23,0.496019
27,24,0.273877
27,25,0.590542
27,26,0.537572
27,27,0.600789
27,28,0.537944
27,29,0.462394
27,30,0.727535
27,31,0.568850
27,32,0.478901
27,33,0.344683
27,34,0.761297
27,35,0.761349
27,36,0.400875
27,37,0.241163
27,38,0.129989
27,39,0.340315
27,40,0.473866
27,41,1.007865
27,42,0.507758
27,43,0.634524
27,44,0.324044
27,45,0.705588
27,46,0.356526
27,47,0.209592
27,48,0.300393
27,49,0.217130
28,0,0.261423
28,1,0.833401
28,2,0.758005
28,3,0.449637
28,4,0.202143
28,5,0.486998
28,6,0.161115
28,7,0.466075
28,8,0.739326
28,9,0.568999
28,10,0.691042
28,11,0.361269
28,12,0.587722
28,13,0.939721
28,14,0.765265
28,15,0.255336
28,16,0.876917
28,17,0.734214
28,18,0.385616
28,19,0.481835
28,20,0.326785
28,21,0.615498
28,22,0.399720
28,23,0.540337
28,24,0.317301
28,25,0.668614
28,26,0.616627
28,27,0.690268
28,28,0.626902
28,29,0.506073
28,30,0.818282
28,31,0.633846
28,32,0.555006
28,33,0.431359
28,34,0.811895
28,35,0.824562
28,36,0.490109
28,37,0.229673
28,38,0.047502
28,39,0.426141
28,40,0.517811
28,41,1.073217
28,42,0.597624
28,43,0.695861
28,44,0.323293
28,45,0.780603
28,46,0.443070
28,47,0.147516
28,48,0.390907
28,49,0.304524
29,0,0.652499
29,1,0.502206
29,2,0.275325
29,3,0.494865
29,4,0.628906
29,5,0.337486
29,6,0.891455
29,7,0.673538
29,8,0.643489
29,9,0.335072
29,10,0.396332
29,11,0.675753
29,12,0.434891
29,13,0.312617
29,14,0.568763
29,15,0.705243
29,16,0.410396
29,17,0.146766
29,18,0.472087
29,19,0.487869
29,20,0.605942
29,21,0.920608
29,22,0.686201
29,23,0.632425
29,24,0.720830
29,25,0.327283
29,26,0.332690
29,27,0.246492
29,28,0.292348
29,29,0.633897
29,30,0.044886
29,31,0.474668
29,32,0.389812
29,33,0.403571
29,34,0.653796
29,35,0.526795
29,36,0.335500
29,37,0.863946
29,38,0.855279
29,39,0.412378
29,40,0.632959
29,41,0.632205
29,42,0.226508
29,43,0.513861
29,44,0.808662
29,45,0.364804
29,46,0.446007
29,47,0.895345
29,48,0.445816
29,49,0.522376
30,0,0.569138
30,1,0.474319
30,2,0.243622
30,3,0.411638
30,4,0.538056
30,5,0.248519
30,6,0.800728
30,7,0.594922
30,8,0.592815
30,9,0.256461
30,10,0.345653
30,11,0.590661
30,12,0.366311
30,13,0.334174
30,14,0.525274
30,15,0.622880
30,16,0.400048
30,17,0.120139
30,18,0.388605
30,19,0.407570
30,20,0.525941
30,21,0.847272
30,22,0.603280
30,23,0.560053
30,24,0.642679
30,25,0.270532
30,26,0.264000
30,27,0.209879
30,28,0.238450
30,29,0.558477
30,30,0.100308
30,31,0.413822
30,32,0.313700
30,33,0.312893
30,34,0.612225
30,35,0.495512
30,36,0.244613
30,37,0.780232
30,38,0.764612
30,39,0.321879
30,40,0.558556
30,41,0.635181
30,42,0.135687
30,43,0.461978
30,44,0.721954
30,45,0.335169
30,46,0.368634
30,47,0.804514
30,48,0.359296
30,49,0.431549
31,0,0.488477
31,1,0.462899
31,2,0.243780
31,3,0.332459
31,4,0.447229
31,5,0.161728
31,6,0.710047
31,7,0.520327
31,8,0.552549
31,9,0.189210
31,10,0.313692
31,11,0.507591
31,12,0.309460
31,13,0.377020
31,14,0.494837
31,15,0.543251
31,16,0.410097
31,17,0.154451
31,18,0.309339
31,19,0.332776
31,20,0.450101
31,21,0.777657
31,22,0.523020
31,23,0.493849
31,24,0.568336
31,25,0.236199
31,26,0.212694
31,27,0.209450
31,28,0.211608
31,29,0.488360
31,30,0.186112
31,31,0.365672
31,32,0.247773
31,33,0.222403
31,34,0.581995
31,35,0.479666
31,36,0.153751
31,37,0.698319
31,38,0.674009
31,39,0.231700
31,40,0.489756
31,41,0.650965
31,42,0.045222
31,43,0.423465
31,44,0.636419
31,45,0.328821
31,46,0.298980
31,47,0.713704
31,48,0.275616
31,49,0.340766
32,0,0.412105
32,1,0.469150
32,2,0.275743
32,3,0.261038
32,4,0.356445
32,5,0.084135
32,6,0.619433
32,7,0.451748
32,8,0.525090
32,9,0.149524
32,10,0.306362
32,11,0.427721
32,12,0.271802
32,13,0.434907
32,14,0.479941
32,15,0.467752
32,16,0.439148
32,17,0.223173
32,18,0.238529
32,19,0.268132
32,20,0.380915
32,21,0.712853
32,22,0.446858
32,23,0.436626
32,24,0.499503
32,25,0.234353
32,26,0.193158
32,27,0.245394
32,28,0.221871
32,29,0.426174
32,30,0.275213
32,31,0.335727
32,32,0.202247
32,33,0.132490
32,34,0.564930
32,35,0.480787
32,36,0.063024
32,37,0.618924
32,38,0.583501
32,39,0.142454
32,40,0.429263
32,41,0.678665
32,42,0.046990
32,43,0.402183
32,44,0.552602
32,45,0.347041
32,46,0.243754
32,47,0.622922
32,48,0.198403
32,49,0.250075
33,0,0.342899
33,1,0.492399
33,2,0.330406
33,3,0.205626
33,4,0.265745
33,5,0.067309
33,6,0.528920
33,7,0.392355
33,8,0.512501
33,9,0.159509
33,10,0.325333
33,11,0.353229
33,12,0.261756
33,13,0.502667
33,14,0.482029
33,15,0.398737
33,16,0.483788
33,17,0.303786
33,18,0.186093
33,19,0.222663
33,20,0.322693
33,21,0.654291
33,22,0.377284
33,23,0.392336
33,24,0.438783
33,25,0.265672
33,26,0.214267
33,27,0.305116
33,28,0.264961
33,29,0.375874
33,30,0.365207
33,31,0.328995
33,32,0.192211
33,33,0.046613
33,34,0.562230
33,35,0.498760
33,36,0.028876
33,37,0.543151
33,38,0.493141
33,39,0.058568
33,40,0.381052
33,41,0.716899
33,42,0.137477
33,43,0.400885
33,44,0.471422
33,45,0.386368
33,46,0.214410
33,47,0.532183
33,48,0.138896
33,49,0.159631
34,0,0.286108
34,1,0.530416
34,2,0.398538
34,3,0.181527
34,4,0.175261
34,5,0.136056
34,6,0.438570
34,7,0.346895
34,8,0.515872
34,9,0.212270
34,10,0.366545
34,11,0.288314
34,12,0.282285
34,13,0.576830
34,14,0.500889
34,15,0.340175
34,16,0.540166
34,17,0.388967
34,18,0.169983
34,19,0.209265
34,20,0.282301
34,21,0.603791
34,22,0.318642
34,23,0.365706
34,24,0.389982
34,25,0.320580
34,26,0.266533
34,27,0.377496
34,28,0.328194
34,29,0.342735
34,30,0.455565
34,31,0.346832
34,32,0.222521
34,33,0.057628
34,34,0.574097
34,35,0.531880
34,36,0.119267
34,37,0.472744
34,38,0.403027
34,39,0.055644
34,40,0.350233
34,41,0.764089
34,42,0.228301
34,43,0.419756
34,44,0.394508
34,45,0.441194
34,46,0.221487
34,47,0.441514
34,48,0.125496
34,49,0.070395
35,0,0.250330
35,1,0.580305
35,2,0.474368
35,3,0.200377
35,4,0.085686
35,5,0.221407
35,6,0.348513
35,7,0.321341
35,8,0.534902
35,9,0.284960
35,10,0.423553
35,11,0.240849
35,12,0.327693
35,13,0.655226
35,14,0.534748
35,15,0.298288
35,16,0.605010
35,17,0.476270
35,18,0.199215
35,19,0.233525
35,20,0.267930
35,21,0.563524
35,22,0.277942
35,23,0.360671
35,24,0.358009
35,25,0.389217
35,26,0.335705
35,27,0.456551
35,28,0.402177
35,29,0.331938
35,30,0.546105
35,31,0.385844
35,32,0.280384
35,33,0.144907
35,34,0.599669
35,35,0.577546
35,36,0.210106
35,37,0.410476
35,38,0.313375
35,39,0.138893
35,40,0.341549
35,41,0.818687
35,42,0.319172
35,43,0.456300
35,44,0.324906
35,45,0.506511
35,46,0.262050
35,47,0.350970
35,48,0.169516
35,49,0.030952
36,0,0.244952
36,1,0.639293
36,2,0.554749
36,3,0.252743
36,4,0.022283
36,5,0.309935
36,6,0.259052
36,7,0.320488
36,8,0.568018
36,9,0.365889
36,10,0.490885
36,11,0.222308
36,12,0.389370
36,13,0.736503
36,14,0.580992
36,15,0.280646
36,16,0.675888
36,17,0.564712
36,18,0.258859
36,19,0.286016
36,20,0.283563
36,21,0.535803
36,22,0.263628
36,23,0.378095
36,24,0.347541
36,25,0.465550
36,26,0.413382
36,27,0.539354
36,28,0.481987
36,29,0.345582
36,30,0.636751
36,31,0.440440
36,32,0.352482
36,33,0.234956
36,34,0.637296
36,35,0.633049
36,36,0.300987
36,37,0.360587
36,38,0.224734
36,39,0.228068
36,40,0.356618
36,41,0.879315
36,42,0.410061
36,43,0.506709
36,44,0.268366
36,45,0.578777
36,46,0.323748
36,47,0.260680
36,48,0.241352
36,49,0.116145
37,0,0.271784
37,1,0.705100
37,2,0.637963
37,3,0.322700
37,4,0.100895
37,5,0.399534
37,6,0.171123
37,7,0.344520
37,8,0.612942
37,9,0.450640
37,10,0.564861
37,11,0.239504
37,12,0.460830
37,13,0.819806
37,14,0.636927
37,15,0.291680
37,16,0.751092
37,17,0.653831
37,18,0.332954
37,19,0.354408
37,20,0.324897
37,21,0.522626
37,22,0.279779
37,23,0.415158
37,24,0.360454
37,25,0.546363
37,26,0.495582
37,27,0.624417
37,28,0.565159
37,29,0.381051
37,30,0.727462
37,31,0.505598
37,32,0.431741
37,33,0.325483
37,34,0.684995
37,35,0.696041
37,36,0.391881
37,37,0.328763
37,38,0.139054
37,39,0.318226
37,40,0.392717
37,41,0.944812
37,42,0.500957
37,43,0.567298
37,44,0.234532
37,45,0.655699
37,46,0.396843
37,47,0.171048
37,48,0.322947
37,49,0.206276
38,0,0.322894
38,1,0.775993
38,2,0.723032
38,3,0.401150
38,4,0.190767
38,5,0.489616
38,6,0.089370
38,7,0.388850
38,8,0.667294
38,9,0.537408
38,10,0.643192
38,11,0.286064
38,12,0.538191
38,13,0.904575
38,14,0.700235
38,15,0.328513
38,16,0.829448
38,17,0.743383
38,18,0.413808
38,19,0.431200
38,20,0.383715
38,21,0.525091
38,22,0.321842
38,23,0.467210
38,24,0.394460
38,25,0.629935
38,26,0.580384
38,27,0.710928
38,28,0.650405
38,29,0.433015
38,30,0.818217
38,31,0.577753
38,32,0.514865
38,33,0.416177
38,34,0.740823
38,35,0.764672
38,36,0.482780
38,37,0.320430
38,38,0.068522
38,39,0.408717
38,40,0.444753
38,41,1.014235
38,42,0.591856
38,43,0.635160
38,44,0.233494
38,45,0.735818
38,46,0.476114
38,47,0.084198
38,48,0.408495
38,49,0.296883
39,0,0.691522
39,1,0.419937
39,2,0.201338
39,3,0.469221
39,4,0.638422
39,5,0.364667
39,6,0.890646
39,7,0.635736
39,8,0.573833
39,9,0.306348
39,10,0.331309
39,11,0.651527
39,12,0.387159
39,13,0.222348
39,14,0.494690
39,15,0.746070
39,16,0.322419
39,17,0.227195
39,18,0.511794
39,19,0.456413
39,20,0.651263
39,21,0.872313
39,22,0.656664
39,23,0.585501
39,24,0.768794
39,25,0.270953
39,26,0.289532
39,27,0.325940
39,28,0.363341
39,29,0.591393
39,30,0.135784
39,31,0.416986
39,32,0.354311
39,33,0.408082
39,34,0.577602
39,35,0.445940
39,36,0.349226
39,37,0.901586
39,38,0.866297
39,39,0.414775
39,40,0.588934
39,41,0.541377
39,42,0.246929
39,43,0.446977
39,44,0.787695
39,45,0.285829
39,46,0.495807
39,47,0.896381
39,48,0.478895
39,49,0.533676
40,0,0.613486
40,1,0.386154
40,2,0.155192
40,3,0.380424
40,4,0.549148
40,5,0.284337
40,6,0.799827
40,7,0.551760
40,8,0.516368
40,9,0.217597
40,10,0.268631
40,11,0.562785
40,12,0.308131
40,13,0.251757
40,14,0.444005
40,15,0.668755
40,16,0.309139
40,17,0.210975
40,18,0.435982
40,19,0.369338
40,20,0.577574
40,21,0.794532
40,22,0.569457
40,23,0.506468
40,24,0.696049
40,25,0.198719
40,26,0.206984
40,27,0.299212
40,28,0.321570
40,29,0.509722
40,30,0.162740
40,31,0.346144
40,32,0.268311
40,33,0.318690
40,34,0.530089
40,35,0.408511
40,36,0.263123
40,37,0.821716
40,38,0.776916
40,39,0.324944
40,40,0.508125
40,41,0.544850
40,42,0.167568
40,43,0.386211
40,44,0.698389
40,45,0.246890
40,46,0.427544
40,47,0.805668
40,48,0.399602
40,49,0.445161
41,0,0.539497
41,1,0.372038
41,2,0.155439
41,3,0.292926
41,4,0.460514
41,5,0.212700
41,6,0.709031
41,7,0.470369
41,8,0.469592
41,9,0.131820
41,10,0.226029
41,11,0.474863
41,12,0.237754
41,13,0.306355
41,14,0.407542
41,15,0.595294
41,16,0.322038
41,17,0.232233
41,18,0.367093
41,19,0.284669
41,20,0.509479
41,21,0.719835
41,22,0.483616
41,23,0.432130
41,24,0.628055
41,25,0.148633
41,26,0.135592
41,27,0.298911
41,28,0.302204
41,29,0.431759
41,30,0.225965
41,31,0.286851
41,32,0.187015
41,33,0.230489
41,34,0.494866
41,35,0.389138
41,36,0.181763
41,37,0.744382
41,38,0.687936
41,39,0.235940
41,40,0.431355
41,41,0.563171
41,42,0.108228
41,43,0.339202
41,44,0.609556
41,45,0.238201
41,46,0.369177
41,47,0.715003
41,48,0.326424
41,49,0.357848
42,0,0.471463
42,1,0.379787
42,2,0.201908
42,3,0.208369
42,4,0.372977
42,5,0.161753
42,6,0.618268
42,7,0.393172
42,8,0.436950
42,9,0.062717
42,10,0.215741
42,11,0.388318
42,12,0.186112
42,13,0.375305
42,14,0.389320
42,15,0.527300
42,16,0.358301
42,17,0.282636
42,18,0.309779
42,19,0.205406
42,20,0.449527
42,21,0.649285
42,22,0.400021
42,23,0.365366
42,24,0.566525
42,25,0.145681
42,26,0.102257
42,27,0.325110
42,28,0.309476
42,29,0.359923
42,30,0.303587
42,31,0.247547
42,32,0.120362
42,33,0.145655
42,34,0.474679
42,35,0.390519
42,36,0.115632
42,37,0.670464
42,38,0.599534
42,39,0.149251
42,40,0.361209
42,41,0.594972
42,42,0.108978
42,43,0.312228
42,44,0.521439
42,45,0.262780
42,46,0.326065
42,47,0.624411
42,48,0.264484
42,49,0.272893
43,0,0.412343
43,1,0.408158
43,2,0.271848
43,3,0.132510
43,4,0.287541
43,5,0.153674
43,6,0.527555
43,7,0.323186
43,8,0.421738
43,9,0.083782
43,10,0.241926
43,11,0.304330
43,12,0.171106
43,13,0.452088
43,14,0.391891
43,15,0.467167
43,16,0.411800
43,17,0.349804
43,18,0.271473
43,19,0.140982
43,20,0.401383
43,21,0.584388
43,22,0.320434
43,23,0.311090
43,24,0.513788
43,25,0.192050
43,26,0.138046
43,27,0.372255
43,28,0.341692
43,29,0.298666
43,30,0.387038
43,31,0.238338
43,32,0.102608
43,33,0.076384
43,34,0.471462
43,35,0.412445
43,36,0.101156
43,37,0.601221
43,38,0.512012
43,39,0.073572
43,40,0.302335
43,41,0.638240
43,42,0.169021
43,43,0.310553
43,44,0.434475
43,45,0.312884
43,46,0.304753
43,47,0.533925
43,48,0.223339
43,49,0.193431
44,0,0.366477
44,1,0.453296
44,2,0.351518
44,3,0.090712
44,4,0.206823
44,5,0.193899
44,6,0.436923
44,7,0.266165
44,8,0.425829
44,9,0.163201
44,10,0.295028
44,11,0.225768
44,12,0.201112
44,13,0.533332
44,14,0.414869
44,15,0.418297
44,16,0.476769
44,17,0.425878
44,18,0.260693
44,19,0.118697
44,20,0.369691
44,21,0.527233
44,22,0.248732
44,23,0.276751
44,24,0.472793
44,25,0.262817
44,26,0.210205
44,27,0.433568
44,28,0.392760
44,29,0.255710
44,30,0.473246
44,31,0.262411
44,32,0.151983
44,33,0.083563
44,34,0.485554
44,35,0.451935
44,36,0.153699
44,37,0.538462
44,38,0.425909
44,39,0.071266
44,40,0.262429
44,41,0.690825
44,42,0.248575
44,43,0.334559
44,44,0.349523
44,45,0.378508
44,46,0.309772
44,47,0.443612
44,48,0.215261
44,49,0.129957
45,0,0.339282
45,1,0.510774
45,2,0.435612
45,3,0.124208
45,4,0.139289
45,5,0.260972
45,6,0.346438
45,7,0.231878
45,8,0.448694
45,9,0.250556
45,10,0.363433
45,11,0.160794
45,12,0.261044
45,13,0.617276
45,14,0.455174
45,15,0.385006
45,16,0.549150
45,17,0.506863
45,18,0.280630
45,19,0.157579
45,20,0.358837
45,21,0.480595
45,22,0.193873
45,23,0.270062
45,24,0.446787
45,25,0.343207
45,26,0.292992
45,27,0.503902
45,28,0.456394
45,29,0.241045
45,30,0.560940
45,31,0.312158
45,32,0.228469
45,33,0.157035
45,34,0.515535
45,35,0.504885
45,36,0.231394
45,37,0.484711
45,38,0.342303
45,39,0.145856
45,40,0.250721
45,41,0.750770
45,42,0.333975
45,43,0.379401
45,44,0.268502
45,45,0.452956
45,46,0.339960
45,47,0.353606
45,48,0.243565
45,49,0.113541
46,0,0.335334
46,1,0.576915
46,2,0.521995
46,3,0.197878
46,4,0.112053
46,5,0.339330
46,6,0.256253
46,7,0.230694
46,8,0.487699
46,9,0.339781
46,10,0.440062
46,11,0.131404
46,12,0.335217
46,13,0.702956
46,14,0.508703
46,15,0.371505
46,16,0.626381
46,17,0.590742
46,18,0.325691
46,19,0.228259
46,20,0.370656
46,21,0.447768
46,22,0.172727
46,23,0.292926
46,24,0.438443
46,25,0.427830
46,26,0.379515
46,27,0.579984
46,28,0.528072
46,29,0.259513
46,30,0.649519
46,31,0.377565
46,32,0.312772
46,33,0.242623
46,34,0.558856
46,35,0.567539
46,36,0.316214
46,37,0.443258
46,38,0.263578
46,39,0.232374
46,40,0.270891
46,41,0.816456
46,42,0.421685
46,43,0.438736
46,44,0.196341
46,45,0.532540
46,46,0.389506
46,47,0.264218
46,48,0.298058
46,49,0.159446
47,0,0.355407
47,1,0.649078
47,2,0.609696
47,3,0.281802
47,4,0.149128
47,5,0.422744
47,6,0.166856
47,7,0.263061
47,8,0.539356
47,9,0.429712
47,10,0.521301
47,11,0.158771
47,12,0.416084
47,13,0.789805
47,14,0.571754
47,15,0.379909
47,16,0.706872
47,17,0.676441
47,18,0.387201
47,19,0.309680
47,20,0.403157
47,21,0.431914
47,22,0.196498
47,23,0.339420
47,24,0.448748
47,25,0.514601
47,26,0.467705
47,27,0.659829
47,28,0.604941
47,29,0.305155
47,30,0.738663
47,31,0.451881
47,32,0.399980
47,33,0.331060
47,34,0.612693
47,35,0.637041
47,36,0.403694
47,37,0.417779
47,38,0.195713
47,39,0.321326
47,40,0.316910
47,41,0.886609
47,42,0.510515
47,43,0.507506
47,44,0.146748
47,45,0.615270
47,46,0.452091
47,47,0.176393
47,48,0.367264
47,49,0.233417
48,0,0.395864
48,1,0.725466
48,2,0.698218
48,3,0.369050
48,4,0.220117
48,5,0.508733
48,6,0.080901
48,7,0.318922
48,8,0.600406
48,9,0.519984
48,10,0.605296
48,11,0.222887
48,12,0.500410
48,13,0.877477
48,14,0.641526
48,15,0.408870
48,16,0.789628
48,17,0.763345
48,18,0.458589
48,19,0.395260
48,20,0.451902
48,21,0.434893
48,22,0.252818
48,23,0.401417
48,24,0.476494
48,25,0.602594
48,26,0.556770
48,27,0.742225
48,28,0.685256
48,29,0.367997
48,30,0.828192
48,31,0.531381
48,32,0.488538
48,33,0.420553
48,34,0.674532
48,35,0.711387
48,36,0.492418
48,37,0.411254
48,38,0.153828
48,39,0.411135
48,40,0.379488
48,41,0.960249
48,42,0.599969
48,43,0.582378
48,44,0.145083
48,45,0.700032
48,46,0.523055
48,47,0.094586
48,48,0.444360
48,49,0.316343
49,0,0.739716
49,1,0.342070
49,2,0.147643
49,3,0.460406
49,4,0.660433
49,5,0.410606
49,6,0.899076
49,7,0.609259
49,8,0.510900
49,9,0.303239
49,10,0.281035
49,11,0.639424
49,12,0.356625
49,13,0.132954
49,14,0.427170
49,15,0.795239
49,16,0.236666
49,17,0.313407
49,18,0.563497
49,19,0.441745
49,20,0.705444
49,21,0.831186
49,22,0.638804
49,23,0.549718
49,24,0.824027
49,25,0.237162
49,26,0.271117
49,27,0.410176
49,28,0.441696
49,29,0.560531
49,30,0.226692
49,31,0.372791
49,32,0.340071
49,33,0.432113
49,34,0.506287
49,35,0.369784
49,36,0.384560
49,37,0.946489
49,38,0.886548
49,39,0.436520
49,40,0.556397
49,41,0.450581
49,42,0.295248
49,43,0.389938
49,44,0.776867
49,45,0.216433
49,46,0.556108
49,47,0.906579
49,48,0.525793
49,49,0.559708
50,0,0.667340
50,1,0.299633
50,2,0.073118
50,3,0.369497
50,4,0.574589
50,5,0.341265
50,6,0.809203
50,7,0.521033
50,8,0.445388
50,9,0.213198
50,10,0.203416
50,11,0.548727
50,12,0.268765
50,13,0.177819
50,14,0.367281
50,15,0.723199
50,16,0.218229
50,17,0.301856
50,18,0.495658
50,19,0.351050
50,20,0.638043
50,21,0.749147
50,22,0.548767
50,23,0.464637
50,24,0.756612
50,25,0.149397
50,26,0.180327
50,27,0.389276
50,28,0.408027
50,29,0.473567
50,30,0.243796
50,31,0.291396
50,32,0.249205
50,33,0.348933
50,34,0.451327
50,35,0.323664
50,36,0.308483
50,37,0.870747
50,38,0.799435
50,39,0.352279
50,40,0.470026
50,41,0.454747
50,42,0.232974
50,43,0.318468
50,44,0.686153
50,45,0.161553
50,46,0.496211
50,47,0.816999
50,48,0.454752
50,49,0.476058
51,0,0.600029
51,1,0.281206
51,2,0.073641
51,3,0.278588
51,4,0.490573
51,5,0.284352
51,6,0.719591
51,7,0.433916
51,8,0.390193
51,9,0.124425
51,10,0.142493
51,11,0.458115
51,12,0.183893
51,13,0.249181
51,14,0.322252
51,15,0.655865
51,16,0.236148
51,17,0.317079
51,18,0.436296
51,19,0.260504
51,20,0.577127
51,21,0.669404
51,22,0.459073
51,23,0.382250
51,24,0.694572
51,25,0.070157
51,26,0.089780
51,27,0.389044
51,28,0.392945
51,29,0.388413
51,30,0.289849
51,31,0.217668
51,32,0.158388
51,33,0.270769
51,34,0.409384
51,35,0.298842
51,36,0.242829
51,37,0.798178
51,38,0.713269
51,39,0.272359
51,40,0.385748
51,41,0.476546
51,42,0.194707
51,43,0.259464
51,44,0.595497
51,45,0.147933
51,46,0.446904
51,47,0.727747
51,48,0.392008
51,49,0.395623
52,0,0.539680
52,1,0.291381
52,2,0.148420
52,3,0.187679
52,4,0.409513
52,5,0.248553
52,6,0.630351
52,7,0.348740
52,8,0.350228
52,9,0.045150
52,10,0.125537
52,11,0.367650
52,12,0.109213
52,13,0.330291
52,14,0.298874
52,15,0.594835
52,16,0.283613
52,17,0.355654
52,18,0.389306
52,19,0.170346
52,20,0.524959
52,21,0.592883
52,22,0.369974
52,23,0.304747
52,24,0.639475
52,25,0.063666
52,26,0.011480
52,27,0.409517
52,28,0.398565
52,29,0.306583
52,30,0.353719
52,31,0.162406
52,32,0.067817
52,33,0.203485
52,34,0.384737
52,35,0.300637
52,36,0.198239
52,37,0.729730
52,38,0.628441
52,39,0.201960
52,40,0.305297
52,41,0.513737
52,42,0.195125
52,43,0.223047
52,44,0.504933
52,45,0.184927
52,46,0.412008
52,47,0.638964
52,48,0.342154
52,49,0.320833
53,0,0.488881
53,1,0.327502
53,2,0.234868
53,3,0.096771
53,4,0.333569
53,5,0.243373
53,6,0.541665
53,7,0.267367
53,8,0.331055
53,9,0.071585
53,10,0.166564
53,11,0.277474
53,12,0.081039
53,13,0.415477
53,14,0.302216
53,15,0.542244
53,16,0.348764
53,17,0.411059
53,18,0.359575
53,19,0.081864
53,20,0.484372
53,21,0.521007
53,22,0.282031
53,23,0.236972
53,24,0.593258
53,25,0.140405
53,26,0.093445
53,27,0.447864
53,28,0.424066
53,29,0.231626
53,30,0.427493
53,31,0.147990
53,32,0.025309
53,33,0.161324
53,34,0.380761
53,35,0.328615
53,36,0.190159
53,37,0.666672
53,38,0.545576
53,39,0.154676
53,40,0.232681
53,41,0.563280
53,42,0.234021
53,43,0.220697
53,44,0.414520
53,45,0.251079
53,46,0.395356
53,47,0.550874
53,48,0.311445
53,49,0.256668
54,0,0.450868
54,1,0.382285
54,2,0.323770
54,3,0.005873
54,4,0.267141
54,5,0.270576
54,6,0.453860
54,7,0.194627
54,8,0.336251
54,9,0.157288
54,10,0.237186
54,11,0.188005
54,12,0.133177
54,13,0.502674
54,14,0.331469
54,15,0.500755
54,16,0.423516
54,17,0.477471
54,18,0.351507
54,19,0.030246
54,20,0.458453
54,21,0.455977
54,22,0.196803
54,23,0.189656
54,24,0.558131
54,25,0.227823
54,26,0.184015
54,27,0.499989
54,28,0.466196
54,29,0.172732
54,30,0.506867
54,31,0.184270
54,32,0.114939
54,33,0.164844
54,34,0.398076
54,35,0.376992
54,36,0.222601
54,37,0.610676
54,38,0.465721
54,39,0.153593
54,40,0.177774
54,41,0.622232
54,42,0.296626
54,43,0.253364
54,44,0.324384
54,45,0.329262
54,46,0.399238
54,47,0.463873
54,48,0.305704
54,49,0.212960
55,0,0.429057
55,1,0.448948
55,2,0.413545
55,3,0.085050
55,4,0.219066
55,5,0.322058
55,6,0.367568
55,7,0.144233
55,8,0.364774
55,9,0.246746
55,10,0.318275
55,11,0.101141
55,12,0.213152
55,13,0.590989
55,14,0.380708
55,15,0.473300
55,16,0.503610
55,17,0.550923
55,18,0.366537
55,19,0.107967
55,20,0.449746
55,21,0.401137
55,22,0.120209
55,23,0.179756
55,24,0.536279
55,25,0.317209
55,26,0.274809
55,27,0.562072
55,28,0.520936
55,29,0.150172
55,30,0.589581
55,31,0.250078
55,32,0.205695
55,33,0.211780
55,34,0.434142
55,35,0.439074
55,36,0.281906
55,37,0.563852
55,38,0.390728
55,39,0.199463
55,40,0.159986
55,41,0.688178
55,42,0.371129
55,43,0.310175
55,44,0.234845
55,45,0.412691
55,46,0.423089
55,47,0.378713
55,48,0.326253
55,49,0.203358
56,0,0.425941
56,1,0.522969
56,2,0.503727
56,3,0.175958
56,4,0.202841
56,5,0.388278
56,6,0.284170
56,7,0.142322
56,8,0.411807
56,9,0.336981
56,10,0.403572
56,11,0.040521
56,12,0.299433
56,13,0.679989
56,14,0.443321
56,15,0.462384
56,16,0.586864
56,17,0.628954
56,18,0.402083
56,19,0.197301
56,20,0.459231
56,21,0.361159
56,22,0.081843
56,23,0.212565
56,24,0.529348
56,25,0.407270
56,26,0.365660
56,27,0.631181
56,28,0.584755
56,29,0.178313
56,30,0.674408
56,31,0.328102
56,32,0.296544
56,33,0.281171
56,34,0.484791
56,35,0.509881
56,36,0.354851
56,37,0.528642
56,38,0.323991
56,39,0.269276
56,40,0.190044
56,41,0.759299
56,42,0.451681
56,43,0.380464
56,44,0.146998
56,45,0.498742
56,46,0.463840
56,47,0.296981
56,48,0.368723
56,49,0.232133
57,0,0.441918
57,1,0.601637
57,2,0.594130
57,3,0.266867
57,4,0.225450
57,5,0.462955
57,6,0.207191
57,7,0.190360
57,8,0.471846
57,9,0.427502
57,10,0.490887
57,11,0.097894
57,12,0.387835
57,13,0.769435
57,14,0.514449
57,15,0.469163
57,16,0.672105
57,17,0.710055
57,18,0.453345
57,19,0.287624
57,20,0.485843
57,21,0.341306
57,22,0.124399
57,23,0.273102
57,24,0.537914
57,25,0.497639
57,26,0.456534
57,27,0.705254
57,28,0.655005
57,29,0.239935
57,30,0.760642
57,31,0.411451
57,32,0.387422
57,33,0.360266
57,34,0.545981
57,35,0.586259
57,36,0.434623
57,37,0.507468
57,38,0.271663
57,39,0.348945
57,40,0.251329
57,41,0.834271
57,42,0.535559
57,43,0.458067
57,44,0.067776
57,45,0.586261
57,46,0.517512
57,47,0.222488
57,48,0.426615
57,49,0.288004
58,0,0.475063
58,1,0.683349
58,2,0.684668
58,3,0.357776
58,4,0.277561
58,5,0.542608
58,6,0.147078
58,7,0.262197
58,8,0.540575
58,9,0.518159
58,10,0.579309
58,11,0.184536
58,12,0.477179
58,13,0.859188
58,14,0.591025
58,15,0.492908
58,16,0.758663
58,17,0.793286
58,18,0.515655
58,19,0.378228
58,20,0.526994
58,21,0.345068
58,22,0.201942
58,23,0.347151
58,24,0.561270
58,25,0.588175
58,26,0.547419
58,27,0.782883
58,28,0.729832
58,29,0.316023
58,30,0.847853
58,31,0.497456
58,32,0.478311
58,33,0.443910
58,34,0.614570
58,35,0.666295
58,36,0.518077
58,37,0.502110
58,38,0.243228
58,39,0.433063
58,40,0.326719
58,41,0.912147
58,42,0.621418
58,43,0.539840
58,44,0.064091
58,45,0.674677
58,46,0.580533
58,47,0.165327
58,48,0.494544
58,49,0.358519
59,0,0.795415
59,1,0.272408
59,2,0.139962
59,3,0.469370
59,4,0.693750
59,5,0.469830
59,6,0.916489
59,7,0.595619
59,8,0.457475
59,9,0.326479
59,10,0.254412
59,11,0.640130
59,12,0.347852
59,13,0.049439
59,14,0.369809
59,15,0.851303
59,16,0.156836
59,17,0.401695
59,18,0.624223
59,19,0.445526
59,20,0.766607
59,21,0.798336
59,22,0.633612
59,23,0.527350
59,24,0.885170
59,25,0.235808
59,26,0.282327
59,27,0.496770
59,28,0.524120
59,29,0.543298
59,30,0.317600
59,31,0.347273
59,32,0.349699
59,33,0.472696
59,34,0.442221
59,35,0.301906
59,36,0.436284
59,37,0.997674
59,38,0.915420
59,39,0.474964
59,40,0.537439
59,41,0.359843
59,42,0.360413
59,43,0.347627
59,44,0.776602
59,45,0.168870
59,46,0.623873
59,47,0.925635
59,48,0.583184
59,49,0.598552
60,0,0.728593
60,1,0.216735
60,2,0.056010
60,3,0.380609
60,4,0.612592
60,5,0.410616
60,6,0.828508
60,7,0.505015
60,8,0.382929
60,9,0.245127
60,10,0.164690
60,11,0.549550
60,12,0.257010
60,13,0.128012
60,14,0.298631
60,15,0.784429
60,16,0.127321
60,17,0.392750
60,18,0.563739
60,19,0.355796
60,20,0.705078
60,21,0.712524
60,22,0.542714
60,23,0.437945
60,24,0.822780
60,25,0.147238
60,26,0.196780
60,27,0.479658
60,28,0.496077
60,29,0.453038
60,30,0.330026
60,31,0.257948
60,32,0.262191
60,33,0.398088
60,34,0.378059
60,35,0.243240
60,36,0.370970
60,37,0.926128
60,38,0.831337
60,39,0.398925
60,40,0.447424
60,41,0.365047
60,42,0.311453
60,43,0.264981
60,44,0.685852
60,45,0.088167
60,46,0.571127
60,47,0.838094
60,48,0.520044
60,49,0.521174
61,0,0.667488
61,1,0.190450
61,2,0.056690
61,3,0.293166
61,4,0.534583
61,5,0.364691
61,6,0.741234
61,7,0.414546
61,8,0.317041
61,9,0.173538
61,10,0.077776
61,11,0.459101
61,12,0.166240
61,13,0.216469
61,14,0.241104
61,15,0.722821
61,16,0.156053
61,17,0.404567
61,18,0.512327
61,19,0.266866
61,20,0.650470
61,21,0.628149
61,22,0.451820
61,23,0.349318
61,24,0.766117
61,25,0.065434
61,26,0.119436
61,27,0.479470
61,28,0.483748
61,29,0.363102
61,30,0.365367
61,31,0.170308
61,32,0.178123
61,33,0.331716
61,34,0.326845
61,35,0.209078
61,36,0.318469
61,37,0.858255
61,38,0.748851
61,39,0.330485
61,40,0.357862
61,41,0.391867
61,42,0.283967
61,43,0.190038
61,44,0.595151
61,45,0.059652
61,46,0.528852
61,47,0.751353
61,48,0.466172
61,49,0.448898
62,0,0.613808
62,1,0.205176
62,2,0.140781
62,3,0.208706
62,4,0.461322
62,5,0.337523
62,6,0.654949
62,7,0.324322
62,8,0.266315
62,9,0.129122
62,10,0.038784
62,11,0.368877
62,12,0.075807
62,13,0.306365
62,14,0.208832
62,15,0.667938
62,16,0.221412
62,17,0.435459
62,18,0.472953
62,19,0.179924
62,20,0.604663
62,21,0.545876
62,22,0.360934
62,23,0.262257
62,24,0.716543
62,25,0.058420
62,26,0.079600
62,27,0.496226
62,28,0.488325
62,29,0.273809
62,30,0.417849
62,31,0.089449
62,32,0.106021
62,33,0.279510
62,34,0.295390
62,35,0.211636
62,36,0.285929
62,37,0.794996
62,38,0.668554
62,39,0.275369
62,40,0.269203
62,41,0.436337
62,42,0.284254
62,43,0.136172
62,44,0.504525
62,45,0.125985
62,46,0.499711
62,47,0.665725
62,48,0.425106
62,49,0.384610
63,0,0.569658
63,1,0.253874
63,2,0.230117
63,3,0.133039
63,4,0.395456
63,5,0.333727
63,6,0.570103
63,7,0.234628
63,8,0.240545
63,9,0.140565
63,10,0.116139
63,11,0.279098
63,12,0.019659
63,13,0.396723
63,14,0.213587
63,15,0.621562
63,16,0.300371
63,17,0.481772
63,18,0.448797
63,19,0.100283
63,20,0.569782
63,21,0.466817
63,22,0.270064
63,23,0.179063
63,24,0.675619
63,25,0.138106
63,26,0.122215
63,27,0.528316
63,28,0.509351
63,29,0.186087
63,30,0.481904
63,31,0.059384
63,32,0.085333
63,33,0.250490
63,34,0.290192
63,35,0.249790
63,36,0.280387
63,37,0.737539
63,38,0.591336
63,39,0.242828
63,40,0.182769
63,41,0.493709
63,42,0.312237
63,43,0.132288
63,44,0.414023
63,45,0.211459
63,46,0.486073
63,47,0.581702
63,48,0.400804
63,49,0.332971
64,0,0.537390
64,1,0.321459
64,2,0.320340
64,3,0.091484
64,4,0.341294
64,5,0.354055
64,6,0.487447
64,7,0.146440
64,8,0.247646
64,9,0.198428
64,10,0.204943
64,11,0.190394
64,12,0.107496
64,13,0.487286
64,14,0.253292
64,15,0.585720
64,16,0.384646
64,17,0.539550
64,18,0.442360
64,19,0.065344
64,20,0.547919
64,21,0.392918
64,22,0.179232
64,23,0.108983
64,24,0.644993
64,25,0.226413
64,26,0.200165
64,27,0.573171
64,28,0.544927
64,29,0.103993
64,30,0.553529
64,31,0.124824
64,32,0.140898
64,33,0.252771
64,34,0.312565
64,35,0.310693
64,36,0.303328
64,37,0.687341
64,38,0.518576
64,39,0.242139
64,40,0.104246
64,41,0.560033
64,42,0.361543
64,43,0.181621
64,44,0.323747
64,45,0.300145
64,46,0.489235
64,47,0.500093
64,48,0.396360
64,49,0.300572
65,0,0.519226
65,1,0.398433
65,2,0.410865
65,3,0.124773
65,4,0.305135
65,5,0.394797
65,6,0.408316
65,7,0.066093
65,8,0.285175
65,9,0.274804
65,10,0.295032
65,11,0.105516
65,12,0.198124
65,13,0.577958
65,14,0.314997
65,15,0.562428
65,16,0.471391
65,17,0.605518
65,18,0.454395
65,19,0.122523
65,20,0.540655
65,21,0.327690
65,22,0.088561
65,23,0.090665
65,24,0.626180
65,25,0.316198
65,26,0.285875
65,27,0.628061
65,28,0.592437
65,29,0.059411
65,30,0.630148
65,31,0.210153
65,32,0.221250
65,33,0.285605
65,34,0.357367
65,35,0.383658
65,36,0.349181
65,37,0.646097
65,38,0.452432
65,39,0.273544
65,40,0.069709
65,41,0.632498
65,42,0.424809
65,43,0.254954
65,44,0.233965
65,45,0.389856
65,46,0.508886
65,47,0.422301
65,48,0.412416
65,49,0.293847
66,0,0.516654
66,1,0.480302
66,2,0.501529
66,3,0.198233
66,4,0.293704
66,5,0.450448
66,6,0.335214
66,7,0.061812
66,8,0.343292
66,9,0.358037
66,10,0.385506
66,11,0.050458
66,12,0.288928
66,13,0.668694
66,14,0.388354
66,15,0.553273
66,16,0.559461
66,17,0.677287
66,18,0.483524
66,19,0.205628
66,20,0.548570
66,21,0.277318
66,22,0.009541
66,23,0.145230
66,24,0.620254
66,25,0.406483
66,26,0.374047
66,27,0.690598
66,28,0.649265
66,29,0.113021
66,30,0.710146
66,31,0.298792
66,32,0.307538
66,33,0.340260
66,34,0.417438
66,35,0.463018
66,36,0.410337
66,37,0.615609
66,38,0.396227
66,39,0.327948
66,40,0.124017
66,41,0.709224
66,42,0.496731
66,43,0.336965
66,44,0.145589
66,45,0.480018
66,46,0.543238
66,47,0.350874
66,48,0.446769
66,49,0.314448
67,0,0.529902
67,1,0.564943
67,2,0.592268
67,3,0.282051
67,4,0.309750
67,5,0.516208
67,6,0.273027
67,7,0.140720
67,8,0.413404
67,9,0.444288
67,10,0.476145
67,11,0.102408
67,12,0.379783
67,13,0.759472
67,14,0.467913
67,15,0.558951
67,16,0.648315
67,17,0.753202
67,18,0.526921
67,19,0.293399
67,20,0.571033
67,21,0.250917
67,22,0.094169
67,23,0.224705
67,24,0.627581
67,25,0.496995
67,26,0.463279
67,27,0.758893
67,28,0.713189
67,29,0.196333
67,30,0.792500
67,31,0.388481
67,32,0.395900
67,33,0.408058
67,34,0.487162
67,35,0.545991
67,36,0.480992
67,37,0.597525
67,38,0.354720
67,39,0.395983
67,40,0.205986
67,41,0.788969
67,42,0.574064
67,43,0.422633
67,44,0.064663
67,45,0.570418
67,46,0.589728
67,47,0.290544
67,48,0.495627
67,49,0.357684
68,0,0.557845
68,1,0.651276
68,2,0.683052
68,3,0.369241
68,4,0.349510
68,5,0.588699
68,6,0.230755
68,7,0.228719
68,8,0.490393
68,9,0.532093
68,10,0.566871
68,11,0.186970
68,12,0.470659
68,13,0.850277
68,14,0.550995
68,15,0.579025
68,16,0.737669
68,17,0.832129
68,18,0.581399
68,19,0.382638
68,20,0.606431
68,21,0.256011
68,22,0.184861
68,23,0.310519
68,24,0.647711
68,25,0.587630
68,26,0.553057
68,27,0.831530
68,28,0.782471
68,29,0.284339
68,30,0.876547
68,31,0.478631
68,32,0.485204
68,33,0.483503
68,34,0.562964
68,35,0.631155
68,36,0.557548
68,37,0.592981
68,38,0.333445
68,39,0.471789
68,40,0.293273
68,41,0.870905
68,42,0.654894
68,43,0.510118
68,44,0.060790
68,45,0.660957
68,46,0.645740
68,47,0.249496
68,48,0.555175
68,49,0.416566
69,0,0.857158
69,1,0.218927
69,2,0.184144
69,3,0.495149
69,4,0.736841
69,5,0.537971
69,6,0.942389
69,7,0.595698
69,8,0.417225
69,9,0.371149
69,10,0.258841
69,11,0.653605
69,12,0.362421
69,13,0.061159
69,14,0.327983
69,15,0.912993
69,16,0.098555
69,17,0.490941
69,18,0.691598
69,19,0.467309
69,20,0.833218
69,21,0.774815
69,22,0.641393
69,23,0.520129
69,24,0.951084
69,25,0.267383
69,26,0.320066
69,27,0.584676
69,28,0.608965
69,29,0.540999
69,30,0.408509
69,31,0.344605
69,32,0.381392
69,33,0.526014
69,34,0.388999
69,35,0.249165
69,36,0.499328
69,37,1.054227
69,38,0.952128
69,39,0.526460
69,40,0.533511
69,41,0.269221
69,42,0.434917
69,43,0.325832
69,44,0.786910
69,45,0.163463
69,46,0.696926
69,47,0.953019
69,48,0.648289
69,49,0.647908
70,0,0.795539
70,1,0.143866
70,2,0.132124
70,3,0.411979
70,4,0.660996
70,5,0.487111
70,6,0.857071
70,7,0.505108
70,8,0.333808
70,9,0.302077
70,10,0.171453
70,11,0.565189
70,12,0.276409
70,13,0.132978
70,14,0.244938
70,15,0.850981
70,16,0.036416
70,17,0.483649
70,18,0.637539
70,19,0.382721
70,20,0.776981
70,21,0.686068
70,22,0.551779
70,23,0.429223
70,24,0.893309
70,25,0.193823
70,26,0.247903
70,27,0.570208
70,28,0.585003
70,29,0.450278
70,30,0.418242
70,31,0.254345
70,32,0.303174
70,33,0.460133
70,34,0.314150
70,35,0.173499
70,36,0.443400
70,37,0.986790
70,38,0.871594
70,39,0.459032
70,40,0.442698
70,41,0.276138
70,42,0.395295
70,43,0.235663
70,44,0.697502
70,45,0.077307
70,46,0.650135
70,47,0.868243
70,48,0.592132
70,49,0.577185
71,0,0.739983
71,1,0.099972
71,2,0.132414
71,3,0.332881
71,4,0.589428
71,5,0.449078
71,6,0.773028
71,7,0.414659
71,8,0.255554
71,9,0.247545
71,10,0.091228
71,11,0.477710
71,12,0.194895
71,13,0.219442
71,14,0.170133
71,15,0.794551
71,16,0.097304
71,17,0.493293
71,18,0.592564
71,19,0.301830
71,20,0.727789
71,21,0.597971
71,22,0.462669
71,23,0.338319
71,24,0.841410
71,25,0.142021
71,26,0.192349
71,27,0.570050
71,28,0.574585
71,29,0.359653
71,30,0.446657
71,31,0.164800
71,32,0.234303
71,33,0.404084
71,34,0.250177
71,35,0.121036
71,36,0.400509
71,37,0.923386
71,38,0.793305
71,39,0.400986
71,40,0.351934
71,41,0.310729
71,42,0.374022
71,43,0.146412
71,44,0.608540
71,45,0.041968
71,46,0.613330
71,47,0.784841
71,48,0.545427
71,49,0.512864
72,0,0.691950
72,1,0.125779
72,2,0.184767
72,3,0.261576
72,4,0.523893
72,5,0.427311
72,6,0.690726
72,7,0.324467
72,8,0.188989
72,9,0.218713
72,10,0.061464
72,11,0.391795
72,12,0.126865
72,13,0.308473
72,14,0.120103
72,15,0.744971
72,16,0.184767
72,17,0.518931
72,18,0.558872
72,19,0.228597
72,20,0.687155
72,21,0.510861
72,22,0.374426
72,23,0.247418
72,24,0.796535
72,25,0.138929
72,26,0.170498
72,27,0.584214
72,28,0.578444
72,29,0.269218
72,30,0.490517
72,31,0.078456
72,32,0.185500
72,33,0.362456
72,34,0.207404
72,35,0.125404
72,36,0.375154
72,37,0.864904
72,38,0.717996
72,39,0.356928
72,40,0.261272
72,41,0.365216
72,42,0.374239
72,43,0.062167
72,44,0.520252
72,45,0.118639
72,46,0.588388
72,47,0.703302
72,48,0.510774
72,49,0.457652
73,0,0.653103
73,1,0.195384
73,2,0.259371
73,3,0.206308
73,4,0.466939
73,5,0.424318
73,6,0.610870
73,7,0.234829
73,8,0.150515
73,9,0.225658
73,10,0.125546
73,11,0.308754
73,12,0.103608
73,13,0.398353
73,14,0.128192
73,15,0.703691
73,16,0.274479
73,17,0.558362
73,18,0.538584
73,19,0.173034
73,20,0.656671
73,21,0.425343
73,22,0.287848
73,23,0.156527
73,24,0.759931
73,25,0.186980
73,26,0.194087
73,27,0.611705
73,28,0.596301
73,29,0.179264
73,30,0.546114
73,31,0.040997
73,32,0.174504
73,33,0.340579
73,34,0.199932
73,35,0.182569
73,36,0.370948
73,37,0.812407
73,38,0.646710
73,39,0.332468
73,40,0.170871
73,41,0.432135
73,42,0.395913
73,43,0.053122
73,44,0.433049
73,45,0.207167
73,46,0.576850
73,47,0.624357
73,48,0.490733
73,49,0.415199
74,0,0.625158
74,1,0.277595
74,2,0.341961
74,3,0.182299
74,4,0.422052
74,5,0.440485
74,6,0.534556
74,7,0.146761
74,8,0.161622
74,9,0.265587
74,10,0.210417
74,11,0.231696
74,12,0.147998
74,13,0.488615
74,14,0.187005
74,15,0.672241
74,16,0.364785
74,17,0.608915
74,18,0.533231
74,19,0.155415
74,20,0.637793
74,21,0.342612
74,22,0.205051
74,23,0.065682
74,24,0.732837
74,25,0.259135
74,26,0.250598
74,27,0.650838
74,28,0.626962
74,29,0.091222
74,30,0.610249
74,31,0.117198
74,32,0.207418
74,33,0.342260
74,34,0.231211
74,35,0.259742
74,36,0.388579
74,37,0.767124
74,38,0.580927
74,39,0.331965
74,40,0.081608
74,41,0.506586
74,42,0.435854
74,43,0.135308
74,44,0.347749
74,45,0.297137
74,46,0.579518
74,47,0.549124
74,48,0.487110
74,49,0.389697
75,0,0.609614
75,1,0.363967
75,2,0.427937
75,3,0.201077
75,4,0.393387
75,5,0.473853
75,6,0.463538
75,7,0.066801
75,8,0.214750
75,9,0.326620
75,10,0.298860
75,11,0.169016
75,12,0.222713
75,13,0.579078
75,14,0.264646
75,15,0.652047
75,16,0.455330
75,17,0.668069
75,18,0.543257
75,19,0.186804
75,20,0.631563
75,21,0.265290
75,22,0.133285
75,23,0.025632
75,24,0.716335
75,25,0.340396
75,26,0.323199
75,27,0.699661
75,28,0.668668
75,29,0.032197
75,30,0.680511
75,31,0.205715
75,32,0.268555
75,33,0.367177
75,34,0.288917
75,35,0.343700
75,36,0.425339
75,37,0.730399
75,38,0.522732
75,39,0.355522
75,40,0.025533
75,41,0.585701
75,42,0.489610
75,43,0.224329
75,44,0.266189
75,45,0.387545
75,46,0.596200
75,47,0.479356
75,48,0.500262
75,49,0.384534
76,0,0.607426
76,1,0.452121
76,2,0.515607
76,3,0.253298
76,4,0.384588
76,5,0.521129
76,6,0.400641
76,7,0.062569
76,8,0.287476
76,9,0.399191
76,10,0.388443
76,11,0.141347
76,12,0.306313
76,13,0.669663
76,14,0.348759
76,15,0.644167
76,16,0.545996
76,17,0.733745
76,18,0.567846
76,19,0.249333
76,20,0.638352
76,21,0.199760
76,22,0.100064
76,23,0.116313
76,24,0.711160
76,25,0.425578
76,26,0.403292
76,27,0.756301
76,28,0.719501
76,29,0.101394
76,30,0.755193
76,31,0.295687
76,32,0.343147
76,33,0.411127
76,34,0.360577
76,35,0.430490
76,36,0.476824
76,37,0.703573
76,38,0.474922
76,39,0.398898
76,40,0.105702
76,41,0.667826
76,42,0.553170
76,43,0.314432
76,44,0.193165
76,45,0.478143
76,46,0.625777
76,47,0.417800
76,48,0.528940
76,49,0.400497
77,0,0.618733
77,1,0.541188
77,2,0.604236
77,3,0.323136
77,4,0.396978
77,5,0.578915
77,6,0.350269
77,7,0.141054
77,8,0.368369
77,9,0.478074
77,10,0.478527
77,11,0.167094
77,12,0.393171
77,13,0.760325
77,14,0.435611
77,15,0.649050
77,16,0.636732
77,17,0.804349
77,18,0.605227
77,19,0.325525
77,20,0.657756
77,21,0.161114
77,22,0.137075
77,23,0.207194
77,24,0.717560
77,25,0.512730
77,26,0.487197
77,27,0.819136
77,28,0.777673
77,29,0.189878
77,30,0.833106
77,31,0.386098
77,32,0.424154
77,33,0.468786
77,34,0.439418
77,35,0.518693
77,36,0.538831
77,37,0.687806
77,38,0.440887
77,39,0.456478
77,40,0.195507
77,41,0.751975
77,42,0.623542
77,43,0.404896
77,44,0.142471
77,45,0.568840
77,46,0.666535
77,47,0.368592
77,48,0.570808
77,49,0.435268
78,0,0.642826
78,1,0.630780
78,2,0.693455
78,3,0.401500
78,4,0.428723
78,5,0.644390
78,6,0.318422
78,7,0.228924
78,8,0.453077
78,9,0.560612
78,10,0.568873
78,11,0.228890
78,12,0.481526
78,13,0.851039
78,14,0.523841
78,15,0.666416
78,16,0.727511
78,17,0.878693
78,18,0.653207
78,19,0.407793
78,20,0.688711
78,21,0.168939
78,22,0.209989
78,23,0.298092
78,24,0.735230
78,25,0.600997
78,26,0.573241
78,27,0.886852
78,28,0.841663
78,29,0.279921
78,30,0.913424
78,31,0.476699
78,32,0.508520
78,33,0.535746
78,34,0.522197
78,35,0.607695
78,36,0.608149
78,37,0.683862
78,38,0.423958
78,39,0.523597
78,40,0.286010
78,41,0.837537
78,42,0.698671
78,43,0.495522
78,44,0.140755
78,45,0.659596
78,46,0.716567
78,47,0.337183
78,48,0.623213
78,49,0.484817
79,0,0.923733
79,1,0.195400
79,2,0.254475
79,3,0.535318
79,4,0.788105
79,5,0.612057
79,6,0.976100
79,7,0.609490
79,8,0.394206
79,9,0.430631
79,10,0.292919
79,11,0.679089
79,12,0.397776
79,13,0.146852
79,14,0.308084
79,15,0.979248
79,16,0.106572
79,17,0.580703
79,18,0.763865
79,19,0.504768
79,20,0.904071
79,21,0.761489
79,22,0.661692
79,23,0.528678
79,24,1.020845
79,25,0.322353
79,26,0.376436
79,27,0.673379
79,28,0.695343
79,29,0.553819
79,30,0.499417
79,31,0.365289
79,32,0.430301
79,33,0.588615
79,34,0.351583
79,35,0.222595
79,36,0.569950
79,37,1.115332
79,38,0.995807
79,39,0.587587
79,40,0.544936
79,41,0.178891
79,42,0.514720
79,43,0.328660
79,44,0.807386
79,45,0.203598
79,46,0.773773
79,47,0.988037
79,48,0.719015
79,49,0.705574
80,0,0.866860
80,1,0.104640
80,2,0.219785
80,3,0.459477
80,4,0.717698
80,5,0.567872
80,6,0.894005
80,7,0.521304
80,8,0.304548
80,9,0.372750
80,10,0.219542
80,11,0.594475
80,12,0.321371
80,13,0.188437
80,14,0.217572
80,15,0.921704
80,16,0.054503
80,17,0.574551
80,18,0.715289
80,19,0.427654
80,20,0.852521
80,21,0.670982
80,22,0.575248
80,23,0.439543
80,24,0.967246
80,25,0.264546
80,26,0.317361
80,27,0.660856
80,28,0.674458
80,29,0.465603
80,30,0.507410
80,31,0.281735
80,32,0.362786
80,33,0.530566
80,34,0.266421
80,35,0.132541
80,36,0.521650
80,37,1.051820
80,38,0.919108
80,39,0.528023
80,40,0.456402
80,41,0.189140
80,42,0.481707
80,43,0.239558
80,44,0.720524
80,45,0.143904
80,46,0.731911
80,47,0.906542
80,48,0.668823
80,49,0.641243
81,0,0.816172
81,1,0.015699
81,2,0.219959
81,3,0.390131
81,4,0.652381
81,5,0.535605
81,6,0.813785
81,7,0.434241
81,8,0.215939
81,9,0.330107
81,10,0.164697
81,11,0.512024
81,12,0.254678
81,13,0.256866
81,14,0.127625
81,15,0.869874
81,16,0.105416
81,17,0.582693
81,18,0.675511
81,19,0.357091
81,20,0.807942
81,21,0.580601
81,22,0.490422
81,23,0.351320
81,24,0.919529
81,25,0.229319
81,26,0.276153
81,27,0.660720
81,28,0.665442
81,29,0.378663
81,30,0.531075
81,31,0.204553
81,32,0.307566
81,33,0.482765
81,34,0.186759
81,35,0.045985
81,36,0.485718
81,37,0.992579
81,38,0.845231
81,39,0.478422
81,40,0.369025
81,41,0.236801
81,42,0.464410
81,43,0.152602
81,44,0.634797
81,45,0.128426
81,46,0.699422
81,47,0.827012
81,48,0.627849
81,49,0.584020
82,0,0.772889
82,1,0.077925
82,2,0.254927
82,3,0.331383
82,4,0.593834
82,5,0.517490
82,6,0.736055
82,7,0.349145
82,8,0.130533
82,9,0.309075
82,10,0.150267
82,11,0.432972
82,12,0.207296
82,13,0.336126
82,14,0.042043
82,15,0.824834
82,16,0.189165
82,17,0.604551
82,18,0.646158
82,19,0.297774
82,20,0.771541
82,21,0.490414
82,22,0.408223
82,23,0.264918
82,24,0.878653
82,25,0.227417
82,26,0.261404
82,27,0.672978
82,28,0.668776
82,29,0.294133
82,30,0.568459
82,31,0.144356
82,32,0.272230
82,33,0.448500
82,34,0.123719
82,35,0.056490
82,36,0.465032
82,37,0.938419
82,38,0.774985
82,39,0.442149
82,40,0.283874
82,41,0.304802
82,42,0.464585
82,43,0.075601
82,44,0.550734
82,45,0.169727
82,46,0.677656
82,47,0.750071
82,48,0.597992
82,49,0.536185
83,0,0.738314
83,1,0.168604
83,2,0.313244
83,3,0.289751
83,4,0.544249
83,5,0.515021
83,6,0.661692
83,7,0.267895
83,8,0.063061
83,9,0.314028
83,10,0.185915
83,11,0.359570
83,12,0.193937
83,13,0.420131
83,14,0.061450
83,15,0.787750
83,16,0.277458
83,17,0.638719
83,18,0.628693
83,19,0.257592
83,20,0.744520
83,21,0.400555
83,22,0.330616
83,23,0.182938
83,24,0.845611
83,25,0.259575
83,26,0.277366
83,27,0.696977
83,28,0.684280
83,29,0.214875
83,30,0.617073
83,31,0.127922
83,32,0.264860
83,33,0.431012
83,34,0.110738
83,35,0.144210
83,36,0.461646
83,37,0.890267
83,38,0.709448
83,39,0.422650
83,40,0.203761
83,41,0.382443
83,42,0.482215
83,43,0.068357
83,44,0.469230
83,45,0.240104
83,46,0.667663
83,47,0.676605
83,48,0.580967
83,49,0.500439
84,0,0.713712
84,1,0.259444
84,2,0.384429
84,3,0.273177
84,4,0.506264
84,5,0.528420
84,6,0.591966
84,7,0.195350
84,8,0.086277
84,9,0.343844
84,10,0.251153
84,11,0.296049
84,12,0.220863
84,13,0.506527
84,14,0.149378
84,15,0.759788
84,16,0.367032
84,17,0.683353
84,18,0.624114
84,19,0.246103
84,20,0.727924
84,21,0.311304
84,22,0.261718
84,23,0.115238
84,24,0.821349
84,25,0.315545
84,26,0.319471
84,27,0.731563
84,28,0.711158
84,29,0.149524
84,30,0.674494
84,31,0.168578
84,32,0.287613
84,33,0.432342
84,34,0.160463
84,35,0.234374
84,36,0.475928
84,37,0.849146
84,38,0.650046
84,39,0.422255
84,40,0.137773
84,41,0.464921
84,42,0.515512
84,43,0.141983
84,44,0.391886
84,45,0.320971
84,46,0.669969
84,47,0.607873
84,48,0.577910
84,49,0.479492
85,0,0.700138
85,1,0.350320
85,2,0.462578
85,3,0.286050
85,4,0.482627
85,5,0.556541
85,6,0.528716
85,7,0.145208
85,8,0.165649
85,9,0.392902
85,10,0.328816
85,11,0.250057
85,12,0.276547
85,13,0.594270
85,14,0.239541
85,15,0.741980
85,16,0.457132
85,17,0.736552
85,18,0.632701
85,19,0.267037
85,20,0.722472
85,21,0.223397
85,22,0.210275
85,23,0.098095
85,24,0.806659
85,25,0.385080
85,26,0.379104
85,27,0.775319
85,28,0.748186
85,29,0.122770
85,30,0.738671
85,31,0.238750
85,32,0.334396
85,33,0.452323
85,34,0.236142
85,35,0.324953
85,36,0.506387
85,37,0.816121
85,38,0.598609
85,39,0.441015
85,40,0.113901
85,41,0.550062
85,42,0.561696
85,43,0.228417
85,44,0.321717
85,45,0.406107
85,46,0.684450
85,47,0.545670
85,48,0.589038
85,49,0.475306
86,0,0.698233
86,1,0.441209
86,2,0.544701
86,3,0.324888
86,4,0.475482
86,5,0.597308
86,6,0.474539
86,7,0.143310
86,8,0.252912
86,9,0.455022
86,10,0.411935
86,11,0.232252
86,12,0.347426
86,13,0.682842
86,14,0.330114
86,15,0.735065
86,16,0.547500
86,17,0.796602
86,18,0.653936
86,19,0.313974
86,20,0.728414
86,21,0.139396
86,22,0.190954
86,23,0.149981
86,24,0.802068
86,25,0.462097
86,26,0.449341
86,27,0.826792
86,28,0.793943
86,29,0.155938
86,30,0.807994
86,31,0.319553
86,32,0.396798
86,33,0.488674
86,34,0.319853
86,35,0.415676
86,36,0.550342
86,37,0.792203
86,38,0.557345
86,39,0.476674
86,40,0.153279
86,41,0.636799
86,42,0.617884
86,43,0.317361
86,44,0.264496
86,45,0.493308
86,46,0.710363
86,47,0.492473
86,48,0.613581
86,49,0.488310
87,0,0.708092
87,1,0.532106
87,2,0.629245
87,3,0.381850
87,4,0.485558
87,5,0.648339
87,6,0.432854
87,7,0.191100
87,8,0.342079
87,9,0.525592
87,10,0.497786
87,11,0.248761
87,12,0.425981
87,13,0.771958
87,14,0.420832
87,15,0.739348
87,16,0.638022
87,17,0.862073
87,18,0.686646
87,19,0.377332
87,20,0.745478
87,21,0.074061
87,22,0.212697
87,23,0.227805
87,24,0.807747
87,25,0.543424
87,26,0.525950
87,27,0.884634
87,28,0.847018
87,29,0.223807
87,30,0.881251
87,31,0.404667
87,32,0.468621
87,33,0.538087
87,34,0.406667
87,35,0.506466
87,36,0.604858
87,37,0.778233
87,38,0.528644
87,39,0.525805
87,40,0.224821
87,41,0.724560
87,42,0.681607
87,43,0.407175
87,44,0.230094
87,45,0.581645
87,46,0.746516
87,47,0.451479
87,48,0.650019
87,49,0.517211
88,0,0.729238
88,1,0.623005
88,2,0.715352
88,3,0.450105
88,4,0.511839
88,5,0.707418
88,6,0.407512
88,7,0.262734
88,8,0.431973
88,9,0.601645
88,10,0.585166
88,11,0.293858
88,12,0.508669
88,13,0.861448
88,14,0.511618
88,15,0.754639
88,16,0.728640
88,17,0.931823
88,18,0.729288
88,19,0.450231
88,20,0.772927
88,21,0.089820
88,22,0.265605
88,23,0.312769
88,24,0.823484
88,25,0.627387
88,26,0.606521
88,27,0.947682
88,28,0.906124
88,29,0.303960
88,30,0.957540
88,31,0.491859
88,32,0.546161
88,33,0.597329
88,34,0.494954
88,35,0.597292
88,36,0.667353
88,37,0.774750
88,38,0.514610
88,39,0.585023
88,40,0.306795
88,41,0.813013
88,42,0.750949
88,43,0.497386
88,44,0.229036
88,45,0.670670
88,46,0.791509
88,47,0.426222
88,48,0.696490
88,49,0.559551
89,0,0.994171
89,1,0.212043
89,2,0.334866
89,3,0.586930
89,4,0.846058
89,5,0.690176
89,6,1.016845
89,7,0.636106
89,8,0.391471
89,9,0.499664
89,10,0.348041
89,11,0.715299
89,12,0.449034
89,13,0.236473
89,14,0.314305
89,15,1.049202
89,16,0.171846
89,17,0.670774
89,18,0.839763
89,19,0.554736
89,20,0.978247
89,21,0.758895
89,22,0.693409
89,23,0.552263
89,24,1.093717
89,25,0.390970
89,26,0.444405
89,27,0.762603
89,28,0.782749
89,29,0.580759
89,30,0.590326
89,31,0.405768
89,32,0.491311
89,33,0.657856
89,34,0.335305
89,35,0.231392
89,36,0.645667
89,37,1.180281
89,38,1.045583
89,39,0.655657
89,40,0.570794
89,41,0.089736
89,42,0.597704
89,43,0.355524
89,44,0.837285
89,45,0.269653
89,46,0.853388
89,47,1.029913
89,48,0.793861
89,49,0.769683
90,0,0.941561
90,1,0.133156
90,2,0.309327
90,3,0.518691
90,4,0.780894
90,5,0.651313
90,6,0.938321
90,7,0.552186
90,8,0.300999
90,9,0.450736
90,10,0.289016
90,11,0.635524
90,12,0.382995
90,13,0.264315
90,14,0.226294
90,15,0.995709
90,16,0.145410
90,17,0.665455
90,18,0.795833
90,19,0.485623
90,20,0.930814
90,21,0.668037
90,22,0.611465
90,23,0.467646
90,24,1.043866
90,25,0.344864
90,26,0.395612
90,27,0.751567
90,28,0.764256
90,29,0.497344
90,30,0.597103
90,31,0.332546
90,32,0.433406
90,33,0.606471
90,34,0.244539
90,35,0.146837
90,36,0.603458
90,37,1.120457
90,38,0.972816
90,39,0.602857
90,40,0.486984
90,41,0.108740
90,42,0.569522
90,43,0.275259
90,44,0.753876
90,45,0.227967
90,46,0.815623
90,47,0.952009
90,48,0.748704
90,49,0.711175
91,0,0.895114
91,1,0.083830
91,2,0.309450
91,3,0.458393
91,4,0.721321
91,5,0.623380
91,6,0.862234
91,7,0.470869
91,8,0.210904
91,9,0.416162
91,10,0.249913
91,11,0.559159
91,12,0.329039
91,13,0.316756
91,14,0.141985
91,15,0.947934
91,16,0.171131
91,17,0.672497
91,18,0.760280
91,19,0.424801
91,20,0.890164
91,21,0.577194
91,22,0.532441
91,23,0.385902
91,24,0.999813
91,25,0.318643
91,26,0.363389
91,27,0.751448
91,28,0.756311
91,29,0.417074
91,30,0.617339
91,31,0.270285
91,32,0.388362
91,33,0.565127
91,34,0.153941
91,35,0.078157
91,36,0.572683
91,37,1.065041
91,38,0.903343
91,39,0.559924
91,40,0.406238
91,41,0.179235
91,42,0.554968
91,43,0.204125
91,44,0.672414
91,45,0.218527
91,46,0.786599
91,47,0.876613
91,48,0.712339
91,49,0.660043
92,0,0.855833
92,1,0.113373
92,2,0.335209
92,3,0.409556
92,4,0.668837
92,5,0.607886
92,6,0.789290
92,7,0.393769
92,8,0.122023
92,9,0.399685
92,10,0.240648
92,11,0.487807
92,12,0.293901
92,13,0.383842
92,14,0.075096
92,15,0.906779
92,16,0.232286
92,17,0.691523
92,18,0.734324
92,19,0.376312
92,20,0.857262
92,21,0.486377
92,22,0.457849
92,23,0.309315
92,24,0.962353
92,25,0.317277
92,26,0.352311
92,27,0.762248
92,28,0.759247
92,29,0.342168
92,30,0.649779
92,31,0.228146
92,32,0.361022
92,33,0.536151
92,34,0.064229
92,35,0.084764
92,36,0.555246
92,37,1.014755
92,38,0.837982
92,39,0.529267
92,40,0.330809
92,41,0.262593
92,42,0.555114
92,43,0.155227
92,44,0.593702
92,45,0.245088
92,46,0.767310
92,47,0.804431
92,48,0.686168
92,49,0.618121
93,0,0.824742
93,1,0.187638
93,2,0.381444
93,3,0.376666
93,4,0.625229
93,5,0.605786
93,6,0.720443
93,7,0.323913
93,8,0.042749
93,9,0.403527
93,10,0.264378
93,11,0.424006
93,12,0.284636
93,13,0.459200
93,14,0.087452
93,15,0.873183
93,16,0.308474
93,17,0.721584
93,18,0.719004
93,19,0.345391
93,20,0.833026
93,21,0.395601
93,22,0.390239
93,23,0.242819
93,24,0.932282
93,25,0.341065
93,26,0.364312
93,27,0.783518
93,28,0.772938
93,29,0.277013
93,30,0.692709
93,31,0.218119
93,32,0.355498
93,33,0.521611
93,34,0.032892
93,35,0.157449
93,36,0.552413
93,37,0.970399
93,38,0.777772
93,39,0.513089
93,40,0.265271
93,41,0.349733
93,42,0.569951
93,43,0.151830
93,44,0.518991
93,45,0.298179
93,46,0.758499
93,47,0.736408
93,48,0.671383
93,49,0.587382
94,0,0.802794
94,1,0.272199
94,2,0.441773
94,3,0.364070
94,4,0.592459
94,5,0.617218
94,6,0.656982
94,7,0.267046
94,8,0.072763
94,9,0.427141
94,10,0.313702
94,11,0.371666
94,12,0.303622
94,13,0.539373
94,14,0.161819
94,15,0.848042
94,16,0.391006
94,17,0.761375
94,18,0.715003
94,19,0.336910
94,20,0.818227
94,21,0.304904
94,22,0.333880
94,23,0.196912
94,24,0.910333
94,25,0.385376
94,26,0.397307
94,27,0.814437
94,28,0.796831
94,29,0.230048
94,30,0.744318
94,31,0.244194
94,32,0.372759
94,33,0.522710
94,34,0.120696
94,35,0.242745
94,36,0.564403
94,37,0.932817
94,38,0.723997
94,39,0.512764
94,40,0.218705
94,41,0.438408
94,42,0.598386
94,43,0.196313
94,44,0.450277
94,45,0.366446
94,46,0.760530
94,47,0.673804
94,48,0.668739
94,49,0.569641
95,0,0.790750
95,1,0.359868
95,2,0.511230
95,3,0.373826
95,4,0.572392
95,5,0.641457
95,6,0.600619
95,7,0.232889
95,8,0.159029
95,9,0.467539
95,10,0.378749
95,11,0.336183
95,12,0.346243
95,13,0.622504
95,14,0.247491
95,15,0.832126
95,16,0.476596
95,17,0.809463
95,18,0.722511
95,19,0.352491
95,20,0.813380
95,21,0.214389
95,22,0.295288
95,23,0.187396
95,24,0.897101
95,25,0.444109
95,26,0.446666
95,27,0.853957
95,28,0.830045
95,29,0.213629
95,30,0.802933
95,31,0.297008
95,32,0.409937
95,33,0.539354
95,34,0.211144
95,35,0.331041
95,36,0.590314
95,37,0.902858
95,38,0.678192
95,39,0.528319
95,40,0.204509
95,41,0.527843
95,42,0.638604
95,43,0.265620
95,44,0.390738
95,45,0.442926
95,46,0.773317
95,47,0.618270
95,48,0.678379
95,49,0.566122
96,0,0.789064
96,1,0.448828
96,2,0.586581
96,3,0.404319
96,4,0.566381
96,5,0.677131
96,6,0.553525
96,7,0.231710
96,8,0.248626
96,9,0.520832
96,10,0.452794
96,11,0.323159
96,12,0.405106
96,13,0.707550
96,14,0.335927
96,15,0.825966
96,16,0.563853
96,17,0.864463
96,18,0.741177
96,19,0.389257
96,20,0.818663
96,21,0.124449
96,22,0.281856
96,23,0.219064
96,24,0.892975
96,25,0.512328
96,26,0.507640
96,27,0.900948
96,28,0.871516
96,29,0.234268
96,30,0.867134
96,31,0.365138
96,32,0.462252
96,33,0.570183
96,34,0.301870
96,35,0.420453
96,36,0.628426
96,37,0.881297
96,38,0.642064
96,39,0.558431
96,40,0.228790
96,41,0.617709
96,42,0.688545
96,43,0.345106
96,44,0.345156
96,45,0.524036
96,46,0.796343
96,47,0.571867
96,48,0.699796
96,49,0.577083
97,0,0.797801
97,1,0.538440
97,2,0.665828
97,3,0.451365
97,4,0.574866
97,5,0.722547
97,6,0.518232
97,7,0.263953
97,8,0.338923
97,9,0.583496
97,10,0.532092
97,11,0.335221
97,12,0.474200
97,13,0.793897
97,14,0.425407
97,15,0.829780
97,16,0.652108
97,17,0.925144
97,18,0.770191
97,19,0.441951
97,20,0.833882
97,21,0.039259
97,22,0.297018
97,23,0.278190
97,24,0.898080
97,25,0.586733
97,26,0.576554
97,27,0.954307
97,28,0.920127
97,29,0.283997
97,30,0.935773
97,31,0.441551
97,32,0.525199
97,33,0.613061
97,34,0.392680
97,35,0.510394
97,36,0.676681
97,37,0.868761
97,38,0.617314
97,39,0.600914
97,40,0.281771
97,41,0.707840
97,42,0.746258
97,43,0.429151
97,44,0.319559
97,45,0.607924
97,46,0.828754
97,47,0.536968
97,48,0.731955
97,49,0.601736
98,0,0.816627
98,1,0.628424
98,2,0.747734
98,3,0.510408
98,4,0.597229
98,5,0.775996
98,6,0.497261
98,7,0.319658
98,8,0.429478
98,9,0.652838
98,10,0.614614
98,11,0.369923
98,12,0.549682
98,13,0.881162
98,14,0.515388
98,15,0.843432
98,16,0.741006
98,17,0.990463
98,18,0.808438
98,19,0.505618
98,20,0.858509
98,21,0.064218
98,22,0.336935
98,23,0.351168
98,24,0.912260
98,25,0.665253
98,26,0.650891
98,27,1.013027
98,28,0.974810
98,29,0.350651
98,30,1.007943
98,31,0.522625
98,32,0.595416
98,33,0.665663
98,34,0.483527
98,35,0.600626
98,36,0.733078
98,37,0.865642
98,38,0.605340
98,39,0.653360
98,40,0.350676
98,41,0.798149
98,42,0.810085
98,43,0.515532
98,44,0.318798
98,45,0.693584
98,46,0.869502
98,47,0.515914
98,48,0.773518
98,49,0.638494
